creator_open_id,existing_collaboration_id,product_id
sQWUmQAAAACOV4AEeERJl-yievH_HBssk7035z_rR3rfGg0byBwyFw,7661970332203550472,1734810555690551128
XoTXawAAAACOV4AEeERJl-yievH_HBssONvLAt04stNsY96fQBjXxA,7661970332203550472,1734810555690551128
fTcLggAAAACOV4AEeERJl-yievH_HBssZ2wBpc8HcDmwraLqFMPPpA,7661970334190913301,1734810555690551128
sW6t0wAAAACOV4AEeERJl-yievH_HBssY7WK-VuIXdWMLiwmBd_urA,7661970369088603924,1734810555690551128
tKpu7wAAAACOV4AEeERJl-yievH_HBssgYMxHyHuweMR6jzhrcNW-w,7661970518602401552,1734810555690551128
QYcEfAAAAACOV4AEeERJl-yievH_HBssBWUDi6QCufgHSIAQ579G0g,7661970532174645000,1734810555690551128
eN7qUwAAAACOV4AEeERJl-yievH_HBssv5_s-CAXTH2ZW_rCo5g4uQ,7661970532174645000,1734810555690551128
TXE2UAAAAACOV4AEeERJl-yievH_HBssMZXkAEi2Ksurw4XLLL_vsQ,7661970554702726929,1734810555690551128
FhZdSQAAAACOV4AEeERJl-yievH_HBssm6-PTQB7lILhWYGi55IYKQ,7661970554702726929,1734810555690551128
QZs83gAAAACOV4AEeERJl-yievH_HBssm2uwwhm_djcltyDRf_Er4Q,7661970561066288913,1734810555690551128
JYHREwAAAACOV4AEeERJl-yievH_HBsscEhMRcfgGP6DJPzpaMdC2w,7658237276055176981,1734810555690551128
QHy6cgAAAACOV4AEeERJl-yievH_HBss-Rtn98rILQd9b3uZJzGTUg,7661970332203550472,1734810555690551128
EcTV9AAAAACOV4AEeERJl-yievH_HBss2PNXf64Zwpxk5IXNpTYkQA,7661970332203550472,1734810555690551128
IU-vHwAAAACOV4AEeERJl-yievH_HBsspnqBZZHgweRBCywpVT0sVg,7661970332203550472,1734810555690551128
uu21zwAAAACOV4AEeERJl-yievH_HBss-YuELNAGpXIYKjltn5Y3ag,7661970334190913301,1734810555690551128
z1nbMAAAAACOV4AEeERJl-yievH_HBssoS5QMexsdqfaVW9AMLdaKw,7661970334190913301,1734810555690551128
YH0rKwAAAACOV4AEeERJl-yievH_HBssknCCXr2jDw6W1DWJ8mH8fg,7661970369088603924,1734810555690551128
Myfk0AAAAACOV4AEeERJl-yievH_HBss2-SRiBU9L-OYx9yhcmFvPg,7661970369088603924,1734810555690551128
5A2cNwAAAACOV4AEeERJl-yievH_HBssosgFEHiWlVW8Zcs83wBaHQ,7661970369088603924,1734810555690551128
vbR-cgAAAACOV4AEeERJl-yievH_HBssCnWwZZuIrgex0WBaFLPQVw,7661970369088603924,1734810555690551128
iNWHZQAAAACOV4AEeERJl-yievH_HBssHfgfqtQp5StNMqoiasp_NA,7661970369088603924,1734810555690551128
3MSSKQAAAACOV4AEeERJl-yievH_HBssOvPki6ipVNPhfZ59qL6-8w,7661970508745393940,1734810555690551128
qENNJAAAAACOV4AEeERJl-yievH_HBssvze6r93wdpKuS4src65hAg,7661970518602401552,1734810555690551128
AWmNvAAAAACOV4AEeERJl-yievH_HBsskVVxrtJBAjIkIV5FXgA8YQ,7661970518602401552,1734810555690551128
xDaTwgAAAACOV4AEeERJl-yievH_HBssBlNet4IeCjIEy5sX0xWw4w,7661970532174645000,1734810555690551128
qqwg9QAAAACOV4AEeERJl-yievH_HBss7DGmliHU_e9KCAp9u8TGXg,7661970554702726929,1734810555690551128
zHM3sQAAAACOV4AEeERJl-yievH_HBssgbcLdTkhDlQW5wn90jjIIA,7661970561066288913,1734810555690551128
IKk84gAAAACOV4AEeERJl-yievH_HBssah1Kuu28mcrb-v0aZ3ZAjQ,7657213115356710674,1734810555690551128
xVkqtQAAAACOV4AEeERJl-yievH_HBsslyEFSJHV0AuB5RYFMb-W-A,7657956260486792967,1734810555690551128
jr2xOgAAAACOV4AEeERJl-yievH_HBss088gEjG6bcCcTqH3CQ7afA,7658237276055176981,1734810555690551128
jOs55AAAAACOV4AEeERJl-yievH_HBssuBxT4AEOM2Iu1bj5lTThjQ,7658270288522561287,1734810555690551128
Qo733QAAAACOV4AEeERJl-yievH_HBss5kSdU2R6O1_WB7Yvnpr42g,7658270288522561287,1734810555690551128
0VtNaQAAAACOV4AEeERJl-yievH_HBssCl4GFDqkPG-ft6u5j_fsJQ,7658270288522561287,1734810555690551128
XlLT_AAAAACOV4AEeERJl-yievH_HBssTF7EjawjDRnuhKV1yFDX6Q,7659392958671882004,1734810555690551128
d120lgAAAACOV4AEeERJl-yievH_HBssY2WFvIPgQqJjt59OAX3Lwg,7660461201453172498,1734810555690551128
dXn98gAAAACOV4AEeERJl-yievH_HBss_ce3lwtp4TCkbmJmJgLX_Q,7660853796110010133,1734810555690551128
ZQ8XGwAAAACOV4AEeERJl-yievH_HBssNIuQf0uC83GKu1jFzJLWLw,7660853796110010133,1734810555690551128
Xq3i9QAAAACOV4AEeERJl-yievH_HBssZDhUwke1uEEPmzZvTqISKw,7660853796110010133,1734810555690551128
3H4sbgAAAACOV4AEeERJl-yievH_HBssAZOc-hm3PlOm1innUH_UQA,7660853796110010133,1734810555690551128
xxLCHQAAAACOV4AEeERJl-yievH_HBssjMyu2rYxTzB-U-dVuzZnig,7660853796110010133,1734810555690551128
czwgWgAAAACOV4AEeERJl-yievH_HBssegBlVWi6zXnihu87zNAJog,7660853796110010133,1734810555690551128
nAAdbQAAAACOV4AEeERJl-yievH_HBssnyHRKsIfavw2eZtrycVsag,7660853796110010133,1734810555690551128
ZKunmwAAAACOV4AEeERJl-yievH_HBssSfoGFthwXzaEI2acMsVuwg,7660853796110010133,1734810555690551128
QaYdMwAAAACOV4AEeERJl-yievH_HBssXh5A6vjfhZ4IaYbwcKCtrQ,7660853796110010133,1734810555690551128
lxyF8QAAAACOV4AEeERJl-yievH_HBssFseVFb_J197bMDnzrSVViQ,7661970332203550472,1734810555690551128
XH9pEwAAAACOV4AEeERJl-yievH_HBsshvRkAmtObH3h3Gz02Gl1NA,7661970532174645000,1734810555690551128
Apez4wAAAACOV4AEeERJl-yievH_HBssN6LiQnsvNTL75NdAt1HVsA,7661985753756845845,1734810555690551128
-hzx4AAAAACOV4AEeERJl-yievH_HBssL7VeSddku78e5G4J_eKiWg,7661985753756845845,1734810555690551128
yMV18gAAAACOV4AEeERJl-yievH_HBssrRrtu45w1vWmoe7855cpqg,7661985753756845845,1734810555690551128
atdrOQAAAACOV4AEeERJl-yievH_HBssz6x30DYrEkCZUfkTPCfhvQ,7657213115356710674,1734810555690551128
52fnmgAAAACOV4AEeERJl-yievH_HBss9SfFZrEAAfxwXEr89yL0xQ,7657213115356710674,1734810555690551128
AfxV9AAAAACOV4AEeERJl-yievH_HBssAt7O48XbhjJ6Ycul2aDlmQ,7657213115356710674,1734810555690551128
3p7S-wAAAACOV4AEeERJl-yievH_HBssdf9-G0NnX7rdM1y4bAkB_Q,7657956260486792967,1734810555690551128
kwWNXgAAAACOV4AEeERJl-yievH_HBssTiPy8E48uaP-DDldZWTHnQ,7657956260486792967,1734810555690551128
UKyIvAAAAACOV4AEeERJl-yievH_HBssIzJlXR_zI2e_91wsIWEC5g,7658237276055176981,1734810555690551128
0QTWoQAAAACOV4AEeERJl-yievH_HBssAl7331MDZZwhWwgNoPcLsg,7658270288522561287,1734810555690551128
6Tdr4wAAAACOV4AEeERJl-yievH_HBssUuLuuDlLFfWd33kGNwnEQg,7658270288522561287,1734810555690551128
JFOhjgAAAACOV4AEeERJl-yievH_HBss5gadC20hAyoyKOHapfvhVA,7658270288522561287,1734810555690551128
ryigdgAAAACOV4AEeERJl-yievH_HBss4HUEvYCGk0n3ldt2htN9TA,7658270288522561287,1734810555690551128
k6oErAAAAACOV4AEeERJl-yievH_HBssDFaFukdMLZNlg5kmNHT10A,7658270288522561287,1734810555690551128
s8UGXgAAAACOV4AEeERJl-yievH_HBssvkkybGxVrX_eWfnHeK7fnA,7658270288522561287,1734810555690551128
ovVM5AAAAACOV4AEeERJl-yievH_HBssqRSuZSI4n3MoAwhaVaqnHg,7658270288522561287,1734810555690551128
9jpIYQAAAACOV4AEeERJl-yievH_HBssEsjzgkOEcJ197z11jJryIA,7658270288522561287,1734810555690551128
dGOo5QAAAACOV4AEeERJl-yievH_HBssamWnyTnw_AlzGfDIiJLlhw,7658273774026311432,1734810555690551128
fGMbAAAAAACOV4AEeERJl-yievH_HBssBjmeUTCXo9dGWqDrBufFgA,7658273774026311432,1734810555690551128
gdXGLgAAAACOV4AEeERJl-yievH_HBsseNP7QBKzPQ-Vz02HUrD73Q,7658273774026311432,1734810555690551128
Y6047QAAAACOV4AEeERJl-yievH_HBssm5-AR5XiVSZnrBGbJrFUtw,7658273774026311432,1734810555690551128
CICFKwAAAACOV4AEeERJl-yievH_HBssqkU7H--75ImCOWkPzQmnsg,7659390270576379668,1734810555690551128
GInEiAAAAACOV4AEeERJl-yievH_HBssTAK44b7SVmhrwPTemU6_ag,7659392958671882004,1734810555690551128
_dD56gAAAACOV4AEeERJl-yievH_HBssxYQgBRgNm-HNzLOiV9A2OQ,7660463568672835346,1734810555690551128
MFpCWwAAAACOV4AEeERJl-yievH_HBssGCEwd_AU0NK2JRXFjlE8lw,7660853796110010133,1734810555690551128
EHjrEAAAAACOV4AEeERJl-yievH_HBssPC2zQzc3XQCF-MwfqI_arA,7660853796110010133,1734810555690551128
pbvAiQAAAACOV4AEeERJl-yievH_HBssoKTt5S0sD5c03oXoZS1SoQ,7660853796110010133,1734810555690551128
KGZntgAAAACOV4AEeERJl-yievH_HBssGBKdbrCSClv5L94B0EO-KQ,7660853796110010133,1734810555690551128
fGw5TQAAAACOV4AEeERJl-yievH_HBssBRa-RE8ZfK-H8RwuODrZMA,7660853796110010133,1734810555690551128
yey7ggAAAACOV4AEeERJl-yievH_HBssHg9LpV9yZgVSwOrq9CJyqw,7660853796110010133,1734810555690551128
iVoTSAAAAACOV4AEeERJl-yievH_HBssd2Y00Ss4jnrInWejuI8NKw,7660853796110010133,1734810555690551128
tTv4uAAAAACOV4AEeERJl-yievH_HBssPZOIjIsACCe39ygj78Hb2w,7660853796110010133,1734810555690551128
YW89WwAAAACOV4AEeERJl-yievH_HBssdbrePY3oiF0KONeQUA6paQ,7660853796110010133,1734810555690551128
B--DPAAAAACOV4AEeERJl-yievH_HBssaimE0XLdOPoh9RbCWQh9Xg,7660853796110010133,1734810555690551128
BiLC3QAAAACOV4AEeERJl-yievH_HBssLh_3207fH-Vc7ZLUHboxsg,7661970332203550472,1734810555690551128
yVSNegAAAACOV4AEeERJl-yievH_HBss6EPZJx3swOYBfCGsqBCIUw,7661970508745393940,1734810555690551128
dVjAzwAAAACOV4AEeERJl-yievH_HBssiHb7HTjKCoSPrIJvyyW5yg,7661970508745393940,1734810555690551128
_0eTFAAAAACOV4AEeERJl-yievH_HBsshRONm4qSqEetLXGpBEqNvw,7661970508745393940,1734810555690551128
r0R2YQAAAACOV4AEeERJl-yievH_HBssHKv6ETbjNLrl6Sp1arfQ7g,7661970538965059346,1734810555690551128
VmssLwAAAACOV4AEeERJl-yievH_HBssJiDisTX15mmDa_Dwa_Zu_g,7661970538965059346,1734810555690551128
Lj-4TAAAAACOV4AEeERJl-yievH_HBssS__Oatdg_hk3lZwXKHKNDQ,7661970554702726929,1734810555690551128
rXu3uQAAAACOV4AEeERJl-yievH_HBssd5gjzd7rfFmAqInkDhTFBg,7661970561066288913,1734810555690551128
CLHy8wAAAACOV4AEeERJl-yievH_HBss2l6AeV34t_DCCCFw1COU9w,7661985753756845845,1734810555690551128
PF-s8QAAAACOV4AEeERJl-yievH_HBsstySsG3B-Ek2VHceknYL7-w,7661985753756845845,1734810555690551128
kXsIAwAAAACOV4AEeERJl-yievH_HBssP-X9EsGUvEmk7mgmETat7Q,7661985753756845845,1734810555690551128
pxTxtAAAAACOV4AEeERJl-yievH_HBssYS1h7E9BOA78DKbEVZl3mg,7661985753756845845,1734810555690551128
n1VYTQAAAACOV4AEeERJl-yievH_HBss7-0ZchxHvP3Y7sK-WppvXQ,7661985753756845845,1734810555690551128
DgJBUgAAAACOV4AEeERJl-yievH_HBssKaxgT5UawWDjB6js9mmaqA,7661985753756845845,1734810555690551128
b9eCnAAAAACOV4AEeERJl-yievH_HBssiRd7ARx8JaFSvheT6sQPwQ,7657213115356710674,1734810555690551128
uNJR4gAAAACOV4AEeERJl-yievH_HBsswCQmp0v1Die6ddHfGxff8w,7657956260486792967,1734810555690551128
8qqEeQAAAACOV4AEeERJl-yievH_HBssN-uqqs1wi8eoW30raSXsGg,7658270288522561287,1734810555690551128
NrBccwAAAACOV4AEeERJl-yievH_HBsstQ6wguUk4nCKYUjQg6sl_Q,7658270288522561287,1734810555690551128
3WvT6AAAAACOV4AEeERJl-yievH_HBssrAkRiOOs5epgKIPkScHu2g,7658270288522561287,1734810555690551128
5JhkvgAAAACOV4AEeERJl-yievH_HBssAACWVITWzsNgBhi3HACB5Q,7658270288522561287,1734810555690551128
rMrK6AAAAACOV4AEeERJl-yievH_HBssEEFCD1LLwVRqXIs5RDW_4w,7658273774026311432,1734810555690551128
S8mgSQAAAACOV4AEeERJl-yievH_HBssyv8o3DK0TjuI0Hdklj3yoQ,7659392958671882004,1734810555690551128
Jy_8sAAAAACOV4AEeERJl-yievH_HBss1VU1woaM89JdcEFWcbpj9g,7659392958671882004,1734810555690551128
q_sjVQAAAACOV4AEeERJl-yievH_HBssXeOK1k6YaxmbeKzQ82-6iw,7660853796110010133,1734810555690551128
5wXyVQAAAACOV4AEeERJl-yievH_HBssucxRVyeGcLQAvxB0W_5wQg,7660853796110010133,1734810555690551128
6rgHlgAAAACOV4AEeERJl-yievH_HBssf9Z-tuQp1Jz8mP4vl3vxwA,7660853796110010133,1734810555690551128
UcYW5AAAAACOV4AEeERJl-yievH_HBssoSa3XxlT7BZlnDu5841dzw,7661970332203550472,1734810555690551128
nCZfegAAAACOV4AEeERJl-yievH_HBssQlfEfPMYWsomnZpw60EZsg,7661970334190913301,1734810555690551128
8EEpCgAAAACOV4AEeERJl-yievH_HBssErXq8GgqDj41e4pQ8i0EtA,7661970334190913301,1734810555690551128
9Q4i-wAAAACOV4AEeERJl-yievH_HBssgT9XzPzDuBMder5C_LgLcQ,7661970369088603924,1734810555690551128
Pv85CAAAAACOV4AEeERJl-yievH_HBssl1l38enlUnajEhIfQXxblw,7661970508745393940,1734810555690551128
4EQhZwAAAACOV4AEeERJl-yievH_HBssNc_edJEDYYomZ603q1ptZg,7661970508745393940,1734810555690551128
ER0SowAAAACOV4AEeERJl-yievH_HBssnO4FElmPO_G-e4DFlJ_DgQ,7661970508745393940,1734810555690551128
xT_0twAAAACOV4AEeERJl-yievH_HBsskYO_KdDPLjt-fA14r0HK4A,7661970518602401552,1734810555690551128
8ildEAAAAACOV4AEeERJl-yievH_HBssh3cfLFFTmB6ZVtkuMODOtw,7661970532174645000,1734810555690551128
nZ3o5AAAAACOV4AEeERJl-yievH_HBssJTn5CCck1o7TsTm0igWnAw,7661970538965059346,1734810555690551128
TOLwowAAAACOV4AEeERJl-yievH_HBssLm_47qMu9pExC_uCjc5s3A,7661970538965059346,1734810555690551128
gEyD9gAAAACOV4AEeERJl-yievH_HBssK42f0s9NoVlaXv24_jP8NA,7661970554702726929,1734810555690551128
JXvtYgAAAACOV4AEeERJl-yievH_HBssa0STHO4mAvD-ZDfOKAJyTQ,7661970554702726929,1734810555690551128
tF5-0gAAAACOV4AEeERJl-yievH_HBssg07ZOWOk_gz-w8Dnu2sE7A,7661970561066288913,1734810555690551128
Kx_4sQAAAACOV4AEeERJl-yievH_HBsscdZWAJlmTtwiPjgmrIaW4w,7661985753756845845,1734810555690551128
F6eskwAAAACOV4AEeERJl-yievH_HBss-TN6HGI20qj9D4dLOZmfkA,7661985753756845845,1734810555690551128
DUoTHQAAAACOV4AEeERJl-yievH_HBsscFqbUTb80eigg19QfPCQiw,7661985753756845845,1734810555690551128
l3QvxwAAAACOV4AEeERJl-yievH_HBss5TpU7j8K-cJmBDPpXh_wRg,7661985753756845845,1734810555690551128
_4901wAAAACOV4AEeERJl-yievH_HBssR4nRaMouflL85F_scQAyCw,7661985753756845845,1734810555690551128
h-gd8wAAAACOV4AEeERJl-yievH_HBss_5dnYfpH0sWHB3uvkyLn3w,7661985753756845845,1734810555690551128
dS_wRgAAAACOV4AEeERJl-yievH_HBssqx9sx0aJCZoTvYCJCOGP7g,7657213115356710674,1734810555690551128
9yWgBgAAAACOV4AEeERJl-yievH_HBssjbPSweq5qRwRRuIkiu954g,7657213115356710674,1734810555690551128
XiElWwAAAACOV4AEeERJl-yievH_HBssUvTZKJnkX6G1Is_S0nX9ww,7658270288522561287,1734810555690551128
sAgaagAAAACOV4AEeERJl-yievH_HBss_gx4OXLLyhj3GN998208xA,7658270288522561287,1734810555690551128
wA4u7wAAAACOV4AEeERJl-yievH_HBssSkm66ZU7s0CI8v3Ws5Ul_A,7658270288522561287,1734810555690551128
hqqB5AAAAACOV4AEeERJl-yievH_HBssMqN9R7EPMsjBkXEKwbfGjg,7658270288522561287,1734810555690551128
Ydbp1AAAAACOV4AEeERJl-yievH_HBssvwtHCnxZuGhgvypvkSNavw,7660461201453172498,1734810555690551128
xAIy2gAAAACOV4AEeERJl-yievH_HBssK1wJcBiVLe6febSUskeoAQ,7660463568672835346,1734810555690551128
4z6DbAAAAACOV4AEeERJl-yievH_HBss6kbTLDJ2EWWie4StgR_uCw,7660853796110010133,1734810555690551128
t75-0QAAAACOV4AEeERJl-yievH_HBss3wAaGkkSIGmRPP_liCRlOw,7660853796110010133,1734810555690551128
CJSHGAAAAACOV4AEeERJl-yievH_HBsskejOjsgS_znbIKjMrYkckA,7660853796110010133,1734810555690551128
rOU3SgAAAACOV4AEeERJl-yievH_HBsskbD9LoTLy0Ug0sbJsLNa3g,7660853796110010133,1734810555690551128
kb9BYAAAAACOV4AEeERJl-yievH_HBssiXDfBeI2ApKSKmnW7wBidw,7660853796110010133,1734810555690551128
RvNo1QAAAACOV4AEeERJl-yievH_HBssqLttiINSdnRJgSO6s2vECg,7661970332203550472,1734810555690551128
4C-UkwAAAACOV4AEeERJl-yievH_HBssT-TdPUnsxddRnxltrjr62w,7661970332203550472,1734810555690551128
A9kmrQAAAACOV4AEeERJl-yievH_HBssjk59YxhswGDEpA0MrK8rmg,7661970332203550472,1734810555690551128
bRplhAAAAACOV4AEeERJl-yievH_HBsshN3zEEX5AY1DrJhs7Ee9_w,7661970332203550472,1734810555690551128
V1FXegAAAACOV4AEeERJl-yievH_HBss9JII5hj6v8ycBB3t3JODHg,7661970332203550472,1734810555690551128
bXPnbAAAAACOV4AEeERJl-yievH_HBss0Q8syifPOEhbS8OqT--msQ,7661970332203550472,1734810555690551128
pftn0AAAAACOV4AEeERJl-yievH_HBssEMKpS30QJ2_K00bJ2ncFFw,7661970334190913301,1734810555690551128
JbDJ-gAAAACOV4AEeERJl-yievH_HBssd6Op0dRf2zo5ogGydmk5LQ,7661970334190913301,1734810555690551128
gczziwAAAACOV4AEeERJl-yievH_HBssTG5KukUpdG69ZLbPq_qZuA,7661970334190913301,1734810555690551128
jrRWgQAAAACOV4AEeERJl-yievH_HBssp4HOqKdX20N4c_Dpgul6RA,7661970334190913301,1734810555690551128
GN-oOQAAAACOV4AEeERJl-yievH_HBssMKWb9dpaviP6lSUS6Ikyjw,7661970369088603924,1734810555690551128
rvPU_wAAAACOV4AEeERJl-yievH_HBssu77XDSFsZ1iW_VshL-e1FQ,7661970495009081108,1734810555690551128
3zhhqwAAAACOV4AEeERJl-yievH_HBss3HM6y1F1T0TTVSUX6RC5BA,7661970508745393940,1734810555690551128
Lf-P7wAAAACOV4AEeERJl-yievH_HBss4KJTHDiQSoGNs6dD-YgQdg,7661970532174645000,1734810555690551128
6XI2cgAAAACOV4AEeERJl-yievH_HBssPrqy9M9_c4ZtFVGHS5jz1Q,7661970532174645000,1734810555690551128
ZWnOtAAAAACOV4AEeERJl-yievH_HBss8Ugu3SZluEYN7NizdNK0FA,7661970561066288913,1734810555690551128
mZKJxAAAAACOV4AEeERJl-yievH_HBssa3mgT5sKlYjuGvvIG-yXFg,7661985586839930632,1734810555690551128
BjqZMQAAAACOV4AEeERJl-yievH_HBssZU1y0BjGER6NgfXTt3fXDA,7661985753756845845,1734810555690551128
D7CtjAAAAACOV4AEeERJl-yievH_HBsstyv2IUv4lwUtmeq7peIXvQ,7661985753756845845,1734810555690551128
q1bwEQAAAACOV4AEeERJl-yievH_HBssqrFkBfYLSmT1-APMTzD6oQ,7661985753756845845,1734810555690551128
_eAhzQAAAACOV4AEeERJl-yievH_HBssnNJLdG0IJxCY1SE12xqPpw,7661985753756845845,1734810555690551128
fyZIbQAAAACOV4AEeERJl-yievH_HBssi7vWtKLeHkGe1dqxSc-OTw,7661985753756845845,1734810555690551128
-Pj6owAAAACOV4AEeERJl-yievH_HBsstQSr3ibKb20vADgWS3BhMg,7657213115356710674,1734810555690551128
S_fKoQAAAACOV4AEeERJl-yievH_HBssVPFrXmuxvlk6Z755sLL-Ug,7657956260486792967,1734810555690551128
rRCrnwAAAACOV4AEeERJl-yievH_HBssshkY0eAOKeGCvhP4BixenA,7657956260486792967,1734810555690551128
C3mdlAAAAACOV4AEeERJl-yievH_HBssFrezR4glSf5fVuk7aEGRng,7657956260486792967,1734810555690551128
o7UL9gAAAACOV4AEeERJl-yievH_HBss_0ASO1SVmL3W5PSxddeccQ,7658270288522561287,1734810555690551128
D2Y4KQAAAACOV4AEeERJl-yievH_HBssBoHCcCjs4vyk5RQg4rRkBw,7658270288522561287,1734810555690551128
ticTyQAAAACOV4AEeERJl-yievH_HBss3B7KUVUKn1bA94N0Jjp6wQ,7658270288522561287,1734810555690551128
ke4y2AAAAACOV4AEeERJl-yievH_HBssC8KUJ7ZVWTfL6YMhcp6k8w,7658273774026311432,1734810555690551128
sFCDUAAAAACOV4AEeERJl-yievH_HBsswcRVnsjIg8IoPNsV5ko57A,7658273774026311432,1734810555690551128
ZKMhXgAAAACOV4AEeERJl-yievH_HBssquVotnXUb4QygiDSIfeAcg,7658273774026311432,1734810555690551128
ZVfU0QAAAACOV4AEeERJl-yievH_HBsso_M0fdZGTtG2d8GovkOIUg,7658273774026311432,1734810555690551128
VPipwgAAAACOV4AEeERJl-yievH_HBssfJBxN-8CKy4Pb7QE-6T9SQ,7658273774026311432,1734810555690551128
ODZ9xQAAAACOV4AEeERJl-yievH_HBss5YfQcUd2ecayvWCV1k3HLg,7659392958671882004,1734810555690551128
2jt6mAAAAACOV4AEeERJl-yievH_HBssY_VzQ9IKrNyULfI_IK-NEg,7659392958671882004,1734810555690551128
LAJOhAAAAACOV4AEeERJl-yievH_HBss73sSnidKfkGEzHvJeFm-Zg,7660461201453172498,1734810555690551128
iUplpwAAAACOV4AEeERJl-yievH_HBssoYG6nwnkBhUykcN9ZAh9dw,7660853796110010133,1734810555690551128
nQV6kAAAAACOV4AEeERJl-yievH_HBssiN4yf-PMTQet_llaHHFsIQ,7660853796110010133,1734810555690551128
HC_b3AAAAACOV4AEeERJl-yievH_HBss_hbEbiCoDn0eDnIMB4t6Cg,7660853796110010133,1734810555690551128
QplAJgAAAACOV4AEeERJl-yievH_HBss5K1CV6nNihHDakfeXoF-1w,7660853796110010133,1734810555690551128
ZfJSagAAAACOV4AEeERJl-yievH_HBssFwivkUKISVqwVGeEjGhdSQ,7660853796110010133,1734810555690551128
p2nZkwAAAACOV4AEeERJl-yievH_HBssf6swDgu938y_f9g56D-Mgg,7661970532174645000,1734810555690551128
CNeAFwAAAACOV4AEeERJl-yievH_HBssS6LxZUlPTLccRCXCjq2j1Q,7661970538965059346,1734810555690551128
bJyemwAAAACOV4AEeERJl-yievH_HBss-BecJAMg9fMWSKJa67lxhg,7661970554702726929,1734810555690551128
PXx4EwAAAACOV4AEeERJl-yievH_HBssNJAP-zfAdCfKQult06-7ag,7661970561066288913,1734810555690551128
S8z41AAAAACOV4AEeERJl-yievH_HBssdWLLXuLyjjSzh_q5CCYykw,7661985753756845845,1734810555690551128
ib3rBQAAAACOV4AEeERJl-yievH_HBss1Cy3XvcpujSAma2yFrlqkg,7661985753756845845,1734810555690551128
V2dQXwAAAACOV4AEeERJl-yievH_HBssDZrW1e0eTgJDK4Sp6UyapA,7661985753756845845,1734810555690551128
9Kh0QwAAAACOV4AEeERJl-yievH_HBssTEfVeayyka3793xHX7Qesg,7661985753756845845,1734810555690551128
0d1rlwAAAACOV4AEeERJl-yievH_HBssNPVJkbLN1wRuTgdgD0TY9Q,7661985753756845845,1734810555690551128
31NOzgAAAACOV4AEeERJl-yievH_HBss7M5WIYcqdPA2hteXDvrZtw,7661985753756845845,1734810555690551128
1wWiTQAAAACOV4AEeERJl-yievH_HBsshZ7XrmnrE2ar7LRySPYl0w,7661985753756845845,1734810555690551128
0bcuiwAAAACOV4AEeERJl-yievH_HBsskpQ_GuoGy-5Fw1qYaAJBpQ,7661985753756845845,1734810555690551128
T2xAHwAAAACOV4AEeERJl-yievH_HBssv1suEBvherUZCcUBt2Jttg,7661985753756845845,1734810555690551128
o1i-tgAAAACOV4AEeERJl-yievH_HBssbhlEgUHMAVWVweCRuFq9dQ,7661985753756845845,1734810555690551128
4IYz3wAAAACOV4AEeERJl-yievH_HBsspsflVCTiMhFLuem3ifUNCw,7661985753756845845,1734810555690551128
-mRSjwAAAACOV4AEeERJl-yievH_HBsszUDhSz6aZjPZj0_BJDzW8g,7661985753756845845,1734810555690551128
r8zOOQAAAACOV4AEeERJl-yievH_HBss3pObSIiaHsCF86yYB7thZQ,7661985753756845845,1734810555690551128
lq5UPQAAAACOV4AEeERJl-yievH_HBss8edHCs0vNw-zThooFa6S2w,7661985753756845845,1734810555690551128
6G5jTwAAAACOV4AEeERJl-yievH_HBssXSRJSpGRIn98mA7jSJ89ZQ,7661985753756845845,1734810555690551128
GVgoNAAAAACOV4AEeERJl-yievH_HBss_1aNG4HNMUj-JnIYtQQ2EA,7661985753756845845,1734810555690551128
uB2_ugAAAACOV4AEeERJl-yievH_HBss9vVw6YEVtwgDSC8aWbetfQ,7661985753756845845,1734810555690551128
g6sLsAAAAACOV4AEeERJl-yievH_HBssMpoAuH473DpiIuOtyssz9A,7661985753756845845,1734810555690551128
MU1qEAAAAACOV4AEeERJl-yievH_HBss7b_HV6XZg1VVmiMEp0zooQ,7661985753756845845,1734810555690551128
VMgnYgAAAACOV4AEeERJl-yievH_HBssWqqDbhnu2yYJ0X8KboEu5A,7661985753756845845,1734810555690551128
Ymos8AAAAACOV4AEeERJl-yievH_HBsswSJB8sdjCooP67n5QubMPA,7661985753756845845,1734810555690551128
hF-HBAAAAACOV4AEeERJl-yievH_HBss1Fg_ReBmW31N3cGIuVDDyQ,7661985753756845845,1734810555690551128
qC2-tQAAAACOV4AEeERJl-yievH_HBssXxkXNAt6WKHuvn6yzNg_bQ,7661985753756845845,1734810555690551128
p1e2MQAAAACOV4AEeERJl-yievH_HBssgnsafQwhj-Jpk-bq-fzDGg,7661985753756845845,1734810555690551128
6zFJJAAAAACOV4AEeERJl-yievH_HBssEHaha9RMnn0qVSgnTBE8KA,7657213115356710674,1734810555690551128
vjVp0AAAAACOV4AEeERJl-yievH_HBss1KMf-If-hqRlsz4mBSu7zg,7657213115356710674,1734810555690551128
FJ9FMwAAAACOV4AEeERJl-yievH_HBss09hqY3MW-DuHdZHS0mP4VA,7658270288522561287,1734810555690551128
74dpRgAAAACOV4AEeERJl-yievH_HBssjmegKETer-9QqhtttnFDhw,7658270288522561287,1734810555690551128
UzWRTwAAAACOV4AEeERJl-yievH_HBssTObeCFQYpPfU7avaSapSng,7658270288522561287,1734810555690551128
onXjUgAAAACOV4AEeERJl-yievH_HBssMnyVdE8NiC1pzSNdWUHT2A,7658270288522561287,1734810555690551128
zrai8AAAAACOV4AEeERJl-yievH_HBssmg9zajUEr1p3Ro137ecB5g,7658270288522561287,1734810555690551128
cUfnnAAAAACOV4AEeERJl-yievH_HBssjdU-rd3lQK372_D7Yw2H9Q,7658270288522561287,1734810555690551128
zFoAcwAAAACOV4AEeERJl-yievH_HBssbmmKYh2Zmoi4jCrBwdEgow,7658270288522561287,1734810555690551128
mU3HJgAAAACOV4AEeERJl-yievH_HBsstKN1H7Jpl6UwKoiMiWZhCQ,7658273774026311432,1734810555690551128
GtIsmQAAAACOV4AEeERJl-yievH_HBsseAh1J4O65m6zO4FShGJDSQ,7658273774026311432,1734810555690551128
tt7tBwAAAACOV4AEeERJl-yievH_HBssQ9FU7igh56vR5W6EtxhstQ,7658273774026311432,1734810555690551128
1VVvkAAAAACOV4AEeERJl-yievH_HBssAdB57qO7Q-4cYHXkQOuoGQ,7658273774026311432,1734810555690551128
TZBqFQAAAACOV4AEeERJl-yievH_HBss0U78bgZmIWLM19_nOQkYEA,7658273774026311432,1734810555690551128
K_Qh4wAAAACOV4AEeERJl-yievH_HBssztzjQ8i41RMsNcxiuVMV8A,7658273774026311432,1734810555690551128
7gF__QAAAACOV4AEeERJl-yievH_HBssJtkDG2CfqaDJStCWzuB_Xw,7658273774026311432,1734810555690551128
4KOIMwAAAACOV4AEeERJl-yievH_HBss9zhhdWnbxBnhTP210oxNFA,7658273774026311432,1734810555690551128
FDIB5wAAAACOV4AEeERJl-yievH_HBss2kYVC3pE3GKVIr9Kvu0ngg,7660461201453172498,1734810555690551128
8N7b1gAAAACOV4AEeERJl-yievH_HBsssQ5Afwep-tHE9dwMfIJ4rg,7661970369088603924,1734810555690551128
5C6k1gAAAACOV4AEeERJl-yievH_HBssdHATqfP3fHwow9LWGQlTQA,7661970518602401552,1734810555690551128
j7m0AwAAAACOV4AEeERJl-yievH_HBsseNgoXGgr-dk8c_VI2tdwng,7661970532174645000,1734810555690551128
TZieUwAAAACOV4AEeERJl-yievH_HBssI6AdtFWqnVIn-UjNt8hfJQ,7661970538965059346,1734810555690551128
SFlR0gAAAACOV4AEeERJl-yievH_HBsshSTXDU91npXwKnyUkhVtvg,7661970561066288913,1734810555690551128
qNj9nwAAAACOV4AEeERJl-yievH_HBssJfocKBOURVjrVarHmlPUsQ,7661970561066288913,1734810555690551128
XWbLqwAAAACOV4AEeERJl-yievH_HBssqRsLxHvQ2w3Rcjm8vnhh3w,7661985586839930632,1734810555690551128
OzSG7QAAAACOV4AEeERJl-yievH_HBssV-4vF8w2IufDdkoNpqKCAg,7661985586839930632,1734810555690551128
0iePbgAAAACOV4AEeERJl-yievH_HBssXy244rbPBZd0BgYnMRXJ6w,7661985586839930632,1734810555690551128
--EXdAAAAACOV4AEeERJl-yievH_HBssciV0wdKb-AThAVti75fQSw,7661985586839930632,1734810555690551128
WUBCEwAAAACOV4AEeERJl-yievH_HBss09gbi11czU8QW3jBQqJ2nw,7661985586839930632,1734810555690551128
Gz4VVgAAAACOV4AEeERJl-yievH_HBssL-OL55NCIj31PmjPnNO7yg,7661985586839930632,1734810555690551128
ykmERgAAAACOV4AEeERJl-yievH_HBss2Z0IwS5giU9LTjehyelt7w,7661985586839930632,1734810555690551128
Y9d7yAAAAACOV4AEeERJl-yievH_HBssJDotbaxGUpg8MS7vv_Pc2g,7661985586839930632,1734810555690551128
U4_gwQAAAACOV4AEeERJl-yievH_HBssUGmLq029LDEQmAIopn23BA,7661985586839930632,1734810555690551128
iWW7ZwAAAACOV4AEeERJl-yievH_HBss4Z8SM2jwvEqAz7nXKkWNbA,7661985586839930632,1734810555690551128
-sk4ygAAAACOV4AEeERJl-yievH_HBssvuL7MWtK225nPupgSUXm4A,7661985586839930632,1734810555690551128
6ItrIQAAAACOV4AEeERJl-yievH_HBss7f8ovdLtYNPn1QLriNeXRg,7661985586839930632,1734810555690551128
eYmzvwAAAACOV4AEeERJl-yievH_HBss7bFmmMiaJIFndIPqJVwCEg,7661985586839930632,1734810555690551128
VZVAygAAAACOV4AEeERJl-yievH_HBssny7HGxlt3eEYzi5mYfEqSA,7661985586839930632,1734810555690551128
ULYsBAAAAACOV4AEeERJl-yievH_HBss0KuHT_h763nwjBITe1x3mQ,7661985586839930632,1734810555690551128
zhn2OwAAAACOV4AEeERJl-yievH_HBssTesBwrMrSaKifMJbHeSR8w,7661985586839930632,1734810555690551128
WS73PAAAAACOV4AEeERJl-yievH_HBssWIMcl6ZFyvCh_TcKv9HxCg,7661985586839930632,1734810555690551128
w31vEQAAAACOV4AEeERJl-yievH_HBssMuKotkApG_2U6c3Rv9DJag,7661985586839930632,1734810555690551128
r46RMgAAAACOV4AEeERJl-yievH_HBss_nQjkTOrBK1c0EJlsVBJKQ,7661985586839930632,1734810555690551128
K6Lx8gAAAACOV4AEeERJl-yievH_HBsspnck0DNOE13V1vVC33-JHA,7661985586839930632,1734810555690551128
tRk0VwAAAACOV4AEeERJl-yievH_HBss0zEKyvN1W0dV8R_PuPmSgA,7661985586839930632,1734810555690551128
keR1DgAAAACOV4AEeERJl-yievH_HBssCjhAuptDbhZ2rQ1tqec8_Q,7661985586839930632,1734810555690551128
SxRuvwAAAACOV4AEeERJl-yievH_HBssz2h_0MkX-IYV6nEsnSOQWA,7661985586839930632,1734810555690551128
ztcq-gAAAACOV4AEeERJl-yievH_HBssaoAU64dKtS66gt_QOXyiKQ,7661985586839930632,1734810555690551128
qJU2QwAAAACOV4AEeERJl-yievH_HBssu5QBOnQku_gzMGBes4gbXQ,7661985586839930632,1734810555690551128
Rpgj1gAAAACOV4AEeERJl-yievH_HBssU9q_bGVi64uEf_3iVFf__A,7657213115356710674,1734810555690551128
dt6BXAAAAACOV4AEeERJl-yievH_HBssrjb6DxVXs-4shvWGJCk_RQ,7657213115356710674,1734810555690551128
AaXxtQAAAACOV4AEeERJl-yievH_HBssMew1MbptddwX4ny6s-4Brg,7657956260486792967,1734810555690551128
5LpXKwAAAACOV4AEeERJl-yievH_HBss-AuHKFwmEZoKOsjb6vw7Dg,7658215158448391957,1734810555690551128
go_BvwAAAACOV4AEeERJl-yievH_HBssIQAbcI8KgV9G_xy2OXFWVQ,7658270288522561287,1734810555690551128
2pYxFAAAAACOV4AEeERJl-yievH_HBssw7_WjNafqaEVxiKzlyZfXg,7658270288522561287,1734810555690551128
PeuTOwAAAACOV4AEeERJl-yievH_HBssU9hRBaCgumULOF7xS9dSmA,7658270288522561287,1734810555690551128
Gi2gsgAAAACOV4AEeERJl-yievH_HBss8qXK2vfrvRrvRmGFL1YWmg,7658270288522561287,1734810555690551128
2vEkYwAAAACOV4AEeERJl-yievH_HBssuhJTSZCoXTEXUPjjerlt-Q,7658270288522561287,1734810555690551128
Q9mlRQAAAACOV4AEeERJl-yievH_HBssyEbMPxWx1Ln2WdjA7NAx5Q,7658270288522561287,1734810555690551128
NSJn6AAAAACOV4AEeERJl-yievH_HBssSDTThyC5hFDujJf6liNoVQ,7658273774026311432,1734810555690551128
9sgkpwAAAACOV4AEeERJl-yievH_HBssD60M7ILv1MwEyytT43b0yA,7658273774026311432,1734810555690551128
yZwy6gAAAACOV4AEeERJl-yievH_HBssHZJQ9v9Z9gQgWszUhc1_pQ,7658273774026311432,1734810555690551128
QsqKogAAAACOV4AEeERJl-yievH_HBssb1KkehPmWNHttLvGTkBHLA,7659392958671882004,1734810555690551128
X22NygAAAACOV4AEeERJl-yievH_HBssbCtkt0uVO_zyu930BrY_Zg,7660461201453172498,1734810555690551128
XYu28gAAAACOV4AEeERJl-yievH_HBssdQjOux2ixcvE0apufD5NFw,7660461201453172498,1734810555690551128
mpgvtAAAAACOV4AEeERJl-yievH_HBssQq2Uvm3cWI-oXHegvJ2b0A,7660463568672835346,1734810555690551128
zEcYuAAAAACOV4AEeERJl-yievH_HBssuo-9GkRuDwQh5NU3qr4OpQ,7661970334190913301,1734810555690551128
ZOhWcgAAAACOV4AEeERJl-yievH_HBssCrO-lyPw82lrS_l6sJYqCg,7661970369088603924,1734810555690551128
8NcCwwAAAACOV4AEeERJl-yievH_HBss-OwSEC0FL1SGZqVl2xYLqg,7661970369088603924,1734810555690551128
zB47jgAAAACOV4AEeERJl-yievH_HBsseNPU9i6uryKvct6EegS5BA,7661985586839930632,1734810555690551128
N8UPDwAAAACOV4AEeERJl-yievH_HBssgz8DAqjf9C9C_pfRww1zpQ,7661985586839930632,1734810555690551128
I0o_mgAAAACOV4AEeERJl-yievH_HBss64zu-Gduo-BtVU_AFhZFZQ,7657213115356710674,1734810555690551128
KkmwxgAAAACOV4AEeERJl-yievH_HBss0ONaZ1aNMAuyiOHez2QMwQ,7658270288522561287,1734810555690551128
e-7tSAAAAACOV4AEeERJl-yievH_HBss8naAK1AkR8UZ_bv5Z69Mqg,7658273774026311432,1734810555690551128
DNv_IgAAAACOV4AEeERJl-yievH_HBssS95uaBycZZWvBSd50uZ3Cg,7658273774026311432,1734810555690551128
xQLYgAAAAACOV4AEeERJl-yievH_HBss0P7I52Ip5LvKfH_xNVMUSg,7659392958671882004,1734810555690551128
GJ5TqwAAAACOV4AEeERJl-yievH_HBss3i9EzMnEzF36_O_wtM16UA,7659392958671882004,1734810555690551128
YLrsTgAAAACOV4AEeERJl-yievH_HBssCHIvTHfWuGxHfma2NQaL2w,7660461201453172498,1734810555690551128
NYW1NgAAAACOV4AEeERJl-yievH_HBssBb8Nzd8nQ3D4Rw2HdCZvEA,7660463568672835346,1734810555690551128
jXDfqwAAAACOV4AEeERJl-yievH_HBssO2I3Wrz3LhEgMMtEs0qDbg,7660463568672835346,1734810555690551128
kgB1wQAAAACOV4AEeERJl-yievH_HBss6sESpCsJP4J6UavSPjzkZw,7661970332203550472,1734810555690551128
MrRSugAAAACOV4AEeERJl-yievH_HBsswf6jc6eH2drChONEXt2G0Q,7661970332203550472,1734810555690551128
2qbkzQAAAACOV4AEeERJl-yievH_HBssCiO0JSHgLL8PwwpfxTJ1AA,7661970334190913301,1734810555690551128
JzFUhAAAAACOV4AEeERJl-yievH_HBsscA0L_T0z9HSiIZXRw0dSZQ,7661970369088603924,1734810555690551128
kZZs6AAAAACOV4AEeERJl-yievH_HBssYlX52r8OaPok6JO2vstg_g,7661970518602401552,1734810555690551128
RpOCKgAAAACOV4AEeERJl-yievH_HBssfY4kHC9tNABZekU_-i-Qcw,7661970561066288913,1734810555690551128
vU057AAAAACOV4AEeERJl-yievH_HBss4U13UQss48jSz103nYZH_A,7661970561066288913,1734810555690551128
MW6buwAAAACOV4AEeERJl-yievH_HBssGXrx8WACCvHQnq9T_yhuOg,7657213115356710674,1734810555690551128
4rLkxgAAAACOV4AEeERJl-yievH_HBss71Jrl4QS827sn_ZmiHnHIg,7657213115356710674,1734810555690551128
4Ky_ngAAAACOV4AEeERJl-yievH_HBssxtAu3dWU1p5W0egEOOFAag,7657213115356710674,1734810555690551128
Wcx1pAAAAACOV4AEeERJl-yievH_HBssOlhRkWmP1Qvy_4v4w796EA,7657213115356710674,1734810555690551128
bln-GwAAAACOV4AEeERJl-yievH_HBssq5asDxAhP616s_XmGrJUTA,7657956260486792967,1734810555690551128
ogidLQAAAACOV4AEeERJl-yievH_HBssW-lMX_j3jwrhFNyQ34brGQ,7657956260486792967,1734810555690551128
LLUHaQAAAACOV4AEeERJl-yievH_HBss39uGeBgwU5vTIqx9xoQhpw,7658270288522561287,1734810555690551128
NhcQ2QAAAACOV4AEeERJl-yievH_HBssaWCuRo1A__pFvlIAsT0lPw,7658273774026311432,1734810555690551128
oENTRQAAAACOV4AEeERJl-yievH_HBss7v4T1J4_76CEprNzrRY5WQ,7658273774026311432,1734810555690551128
O06OewAAAACOV4AEeERJl-yievH_HBss6HPm7F_vojnsAXg-KXRDfg,7658273774026311432,1734810555690551128
93dG_QAAAACOV4AEeERJl-yievH_HBss-EslFyJkbk05o1-i-lmnsw,7659392958671882004,1734810555690551128
qIpktgAAAACOV4AEeERJl-yievH_HBssn2MwRBMCBz1d1fzxInY-CQ,7660461201453172498,1734810555690551128
ZSocQgAAAACOV4AEeERJl-yievH_HBssBnmYdsy60wzWs9nDfL4r5A,7660461201453172498,1734810555690551128
x9q0ugAAAACOV4AEeERJl-yievH_HBss2BFepIWY0zX-PJkEjPnGMA,7660461201453172498,1734810555690551128
hnxRogAAAACOV4AEeERJl-yievH_HBss-fqXcDy9inN9kaIrEHw9dw,7660463568672835346,1734810555690551128
9JY5hwAAAACOV4AEeERJl-yievH_HBssOO2aOV8yWvVF1CAusS-jVA,7661970332203550472,1734810555690551128
coEgmwAAAACOV4AEeERJl-yievH_HBsssEhi1-_1V1EN53GRUIpXCQ,7661970332203550472,1734810555690551128
zvvjsQAAAACOV4AEeERJl-yievH_HBss3424CrxdbmzuolvTOhaf-w,7661970332203550472,1734810555690551128
vBo6PwAAAACOV4AEeERJl-yievH_HBss_Ao9gZgWfAwFG959sm_owA,7661970495009081108,1734810555690551128
5yXB7wAAAACOV4AEeERJl-yievH_HBssgEPe1myAc6qXBNLjQvaccw,7657213115356710674,1734810555690551128
E39f1QAAAACOV4AEeERJl-yievH_HBsssuAw-iTAEJ-5csyaThIb0Q,7657213115356710674,1734810555690551128
kdvY8QAAAACOV4AEeERJl-yievH_HBssvEVpevQ7LZZFAeC_8IUTmQ,7657956260486792967,1734810555690551128
k6xvrAAAAACOV4AEeERJl-yievH_HBssoOzuzs6xJiVssJoJhRQILQ,7657956260486792967,1734810555690551128
9DmPwwAAAACOV4AEeERJl-yievH_HBssbF7kK-NKY8TvLWOxpUPMyQ,7658270288522561287,1734810555690551128
MA-pTwAAAACOV4AEeERJl-yievH_HBss1tNFvmAjj2Eg1gFOAbXrJQ,7658270288522561287,1734810555690551128
DES9iwAAAACOV4AEeERJl-yievH_HBss7073C-DeYgcsCAwlMlCK7Q,7658270288522561287,1734810555690551128
4OhxagAAAACOV4AEeERJl-yievH_HBss6cPMR3OdGcGtY4OW9Z4lQA,7658270288522561287,1734810555690551128
ai7-gwAAAACOV4AEeERJl-yievH_HBssTro2TSVae5tkGgGJRCd_cA,7658270288522561287,1734810555690551128
GcLESAAAAACOV4AEeERJl-yievH_HBssMTLz5GL3ZTWX1JA0FELQKA,7658273774026311432,1734810555690551128
rKhFkQAAAACOV4AEeERJl-yievH_HBssbeJ_3hdmiBZzdfXi2qqQ0w,7658273774026311432,1734810555690551128
SxrsggAAAACOV4AEeERJl-yievH_HBssulP7SqPZoiekNbz-pJ8E7g,7658273774026311432,1734810555690551128
vukznQAAAACOV4AEeERJl-yievH_HBss9azv3Tfrmt-Ir9uhh2QlxA,7658273774026311432,1734810555690551128
wI7GkQAAAACOV4AEeERJl-yievH_HBss_LgAkWy8UVKxswFJMz2E8g,7659392958671882004,1734810555690551128
_COvgQAAAACOV4AEeERJl-yievH_HBss00Pv1vKTtqGaFibo2RXMKQ,7659392958671882004,1734810555690551128
EBeqmQAAAACOV4AEeERJl-yievH_HBssiUKusoWFSbVWyK-2rcPQLg,7660461201453172498,1734810555690551128
KtG7jwAAAACOV4AEeERJl-yievH_HBssvjbOsqJlPI-SujlXTILa_A,7660461201453172498,1734810555690551128
Vy81FAAAAACOV4AEeERJl-yievH_HBssBDlhF8CGz0oXNz7v5YT3iw,7660461201453172498,1734810555690551128
qIHLggAAAACOV4AEeERJl-yievH_HBssa56StrH3hS17zHNAcZiglA,7660463568672835346,1734810555690551128
5dJVQAAAAACOV4AEeERJl-yievH_HBssbSpbBi9v3jd-59FQdZLfPA,7660463568672835346,1734810555690551128
TGpKuQAAAACOV4AEeERJl-yievH_HBssN5QYuvebmd-SCXzE6WkNeg,7661970334190913301,1734810555690551128
ivEKeQAAAACOV4AEeERJl-yievH_HBssUuHmbrEaf6qbQdMwK_HCzg,7661970532174645000,1734810555690551128
X2mONQAAAACOV4AEeERJl-yievH_HBss6p3FDvgD8l3JuWYd9XhCLA,7661985586839930632,1734810555690551128
WhkJrAAAAACOV4AEeERJl-yievH_HBssw7VDBymfvEwRXDBiXSzIlw,7661985586839930632,1734810555690551128
ednaCwAAAACOV4AEeERJl-yievH_HBssErLtvcxu5qtzc4EeRpGRXw,7661985586839930632,1734810555690551128
YkhAZgAAAACOV4AEeERJl-yievH_HBssELp4Yu22ej4WLLVjNpCjDQ,7661985586839930632,1734810555690551128
bfKHdAAAAACOV4AEeERJl-yievH_HBssO1yeNNQrGQCqPKZgv8-Wiw,7661985586839930632,1734810555690551128
_aRJRgAAAACOV4AEeERJl-yievH_HBsscT2n2siEHAQ3fZNOmhkirQ,7661985586839930632,1734810555690551128
yOYjkAAAAACOV4AEeERJl-yievH_HBssKYoXmjJhGNHmoO4InhfIbA,7661985586839930632,1734810555690551128
OdC2RQAAAACOV4AEeERJl-yievH_HBssa7WfKzeCLFcJxdr4XeRYhA,7661985586839930632,1734810555690551128
XEL9awAAAACOV4AEeERJl-yievH_HBssZlvdMIhltYOaNCy_rQ5THQ,7661985586839930632,1734810555690551128
2ur-DAAAAACOV4AEeERJl-yievH_HBssBmeRPytl47bwzy8YFECopw,7661985586839930632,1734810555690551128
A-5j4wAAAACOV4AEeERJl-yievH_HBss7l-jQYNKLGOGQvxvBvBzbQ,7661985586839930632,1734810555690551128
OS7H8AAAAACOV4AEeERJl-yievH_HBsssjHAOcGRLyiGWHxVs4eE2A,7661985586839930632,1734810555690551128
Kkd0hwAAAACOV4AEeERJl-yievH_HBssrrdiBJ3vxC1aOPw3N0RsDA,7661985753756845845,1734810555690551128
8Elt2gAAAACOV4AEeERJl-yievH_HBssd8AlQCTAm8V6uEf5-cIx6g,7661985753756845845,1734810555690551128
h3jLUwAAAACOV4AEeERJl-yievH_HBssjyZBckq79OdgFxl5wic5mg,7661985753756845845,1734810555690551128
bS8gRwAAAACOV4AEeERJl-yievH_HBssMrMnPlTAKLVJBz_mtURiEg,7661985753756845845,1734810555690551128
S1v3swAAAACOV4AEeERJl-yievH_HBssWUt3O36YlF3CqFOlmPSOiQ,7657956260486792967,1734810555690551128
IcMRxwAAAACOV4AEeERJl-yievH_HBssWn8TE-ajOMKfDodiY_XBKA,7657956260486792967,1734810555690551128
I8gVSQAAAACOV4AEeERJl-yievH_HBssPKNoZy4Q6T2JhoHph4w1ig,7657956260486792967,1734810555690551128
bj9ouwAAAACOV4AEeERJl-yievH_HBssgz_8LJGXZ3bsXc1ajjEKlQ,7657956260486792967,1734810555690551128
FwKcswAAAACOV4AEeERJl-yievH_HBssEo_pvAPJ-DxeP7xueZSYZw,7658270288522561287,1734810555690551128
30eRPwAAAACOV4AEeERJl-yievH_HBssz0PUciEj43PtdgC1258tIA,7658273774026311432,1734810555690551128
NcJBXAAAAACOV4AEeERJl-yievH_HBssok7VDUj72QN3djQo5FR6_g,7658273774026311432,1734810555690551128
9XsX2gAAAACOV4AEeERJl-yievH_HBss9XbB5CPndurMTOZCzLLSVA,7660461201453172498,1734810555690551128
WpPD8QAAAACOV4AEeERJl-yievH_HBssEymJ-O4ZCAqDSgzMl45bLQ,7660463568672835346,1734810555690551128
Gv2ilgAAAACOV4AEeERJl-yievH_HBssp8sjVeDV66paFiGd4xtqkA,7660463568672835346,1734810555690551128
SchXFAAAAACOV4AEeERJl-yievH_HBssimsaGp6qap6r5n_BrxRxpA,7661970332203550472,1734810555690551128
c9brIQAAAACOV4AEeERJl-yievH_HBssdx1h0dF6WxHd16plpBzd2w,7661970518602401552,1734810555690551128
_rpy8AAAAACOV4AEeERJl-yievH_HBss2L8cY2dYt66GVUTFDkVbKA,7661970554702726929,1734810555690551128
Ca9NfgAAAACOV4AEeERJl-yievH_HBssgoAF0gYGL3ChC7aYJY2exw,7661970554702726929,1734810555690551128
QAXIvwAAAACOV4AEeERJl-yievH_HBss4a5pzxomloujX0xgPnvjBQ,7661985586839930632,1734810555690551128
Dr1pvwAAAACOV4AEeERJl-yievH_HBssKu5m48IYeMvBbf_wxlJbtA,7661985586839930632,1734810555690551128
_SpXUQAAAACOV4AEeERJl-yievH_HBssBSkOAa5qsZXOGdcaLxnnbg,7661985586839930632,1734810555690551128
8VafDQAAAACOV4AEeERJl-yievH_HBssRSb_vVWe7Ny1T6RnOwAlPA,7657213115356710674,1734810555690551128
fDh2UAAAAACOV4AEeERJl-yievH_HBssdxJudiaZixSIs0YmY8sLqw,7657956260486792967,1734810555690551128
TCEqrAAAAACOV4AEeERJl-yievH_HBssozE4ruOxr9pvV1WlZaEEKw,7657956260486792967,1734810555690551128
QCDI8AAAAACOV4AEeERJl-yievH_HBssfvv0p6fcgSpIMBa9WB-5MA,7658273774026311432,1734810555690551128
NKpWnwAAAACOV4AEeERJl-yievH_HBssWXiRZYY9LwQ_VL4X9GugZw,7658273774026311432,1734810555690551128
_md05wAAAACOV4AEeERJl-yievH_HBssaAv7lsV_utkO1ngD2YEaow,7658273774026311432,1734810555690551128
oxP8NwAAAACOV4AEeERJl-yievH_HBsskssPgYwxPm8YH6SbRyO46Q,7658273774026311432,1734810555690551128
W8LWFgAAAACOV4AEeERJl-yievH_HBssdBnMgU4NojU6gycwe11Rhg,7660461201453172498,1734810555690551128
eGE9CQAAAACOV4AEeERJl-yievH_HBss_jUpmxyATSULDZd4O7MXJA,7660461201453172498,1734810555690551128
2xlmGwAAAACOV4AEeERJl-yievH_HBsscbOWIPAQPvBf6Kgoo9FdsQ,7661970508745393940,1734810555690551128
7cPzzQAAAACOV4AEeERJl-yievH_HBssoqprGTAKStyh_qFhq9ELkw,7661970508745393940,1734810555690551128
QY1g_QAAAACOV4AEeERJl-yievH_HBssYqFgquEEh1_GhVIo9mmViQ,7661970561066288913,1734810555690551128
NrwWvQAAAACOV4AEeERJl-yievH_HBssv3sEMFs-eI8pGloGiwu_qQ,7657213115356710674,1734810555690551128
bCMwMwAAAACOV4AEeERJl-yievH_HBssbBmT3VxbO6c7M8GZwoKe3w,7657213115356710674,1734810555690551128
WkqEkgAAAACOV4AEeERJl-yievH_HBssQ1nqyAAq_l7w85URd_vryQ,7657213115356710674,1734810555690551128
x72MygAAAACOV4AEeERJl-yievH_HBssH-HIWNE-RzwCKMPZVBSRlw,7657956260486792967,1734810555690551128
2I4kcAAAAACOV4AEeERJl-yievH_HBsselLs8_C00l4dvHcaUnXK2g,7658246754361788180,1734810555690551128
LyL4CQAAAACOV4AEeERJl-yievH_HBsslP3RIKLQ5uYkUuXmDtSKMQ,7658270288522561287,1734810555690551128
dkpS_AAAAACOV4AEeERJl-yievH_HBssedYzoa-0vDN8vBDxzwu0GQ,7658273774026311432,1734810555690551128
SPMaXgAAAACOV4AEeERJl-yievH_HBssqWA5tltGp5E2hxBE0GALGA,7658273774026311432,1734810555690551128
MKPeVQAAAACOV4AEeERJl-yievH_HBsssmch6DQV3zuyX0KRvWqdkw,7659392958671882004,1734810555690551128
UGsbMgAAAACOV4AEeERJl-yievH_HBssSKyQ2VNDD4svsCKRZCaVbQ,7660463568672835346,1734810555690551128
7LNgCAAAAACOV4AEeERJl-yievH_HBssKH90hJPtrYBgbobXjJ79Mg,7661970332203550472,1734810555690551128
5iAeiQAAAACOV4AEeERJl-yievH_HBssTVUjBi6BYbUwKueZ8uGJhg,7661985586839930632,1734810555690551128
xr6mSgAAAACOV4AEeERJl-yievH_HBssoX8_nl6ikymR-ebkArTi9g,7661985586839930632,1734810555690551128
-QYRywAAAACOV4AEeERJl-yievH_HBsslvxqwWZtbyXi8EsOQKXaLA,7661985586839930632,1734810555690551128
zqczhgAAAACOV4AEeERJl-yievH_HBssvZJwZhF40M0bYSA01dG1dA,7661985586839930632,1734810555690551128
TFKcgwAAAACOV4AEeERJl-yievH_HBss_mHI4AR_TOTkm2c5U_D-qg,7661985586839930632,1734810555690551128
HKcq4wAAAACOV4AEeERJl-yievH_HBsslsHsrPAfGF1BJcuOtd8HQQ,7661985586839930632,1734810555690551128
yvsIAAAAAACOV4AEeERJl-yievH_HBsskB1D-QHEf5TzhLOigJSAlQ,7661985586839930632,1734810555690551128
AYCnuwAAAACOV4AEeERJl-yievH_HBssZHIrVTD4jwdK4U0R6PiQQw,7661985753756845845,1734810555690551128
KFJ0-AAAAACOV4AEeERJl-yievH_HBssLUjsk4r4WEK3GhqAmPrt5w,7661985753756845845,1734810555690551128
vPeq7AAAAACOV4AEeERJl-yievH_HBsspVLYoRRU30iHMQ_wIqbanA,7657213115356710674,1734810555690551128
Cj9qQAAAAACOV4AEeERJl-yievH_HBssVl_PM9EgChEBRDFG4LmFEg,7657956260486792967,1734810555690551128
wjnlOgAAAACOV4AEeERJl-yievH_HBss8AyoZaY1ivQW2EZlUSbF2A,7660461201453172498,1734810555690551128
vas4kwAAAACOV4AEeERJl-yievH_HBssqeXYlefd_7xtlVowfEZKbw,7660461201453172498,1734810555690551128
4ajCdgAAAACOV4AEeERJl-yievH_HBssjif7nmrNAgkAUWI1QZKGFA,7660461201453172498,1734810555690551128
ZZy8IQAAAACOV4AEeERJl-yievH_HBsspZzyg-823aiVEExnZSNg-Q,7660461201453172498,1734810555690551128
EwJw6AAAAACOV4AEeERJl-yievH_HBss_AbP51yG_yH1c-EFG6eSIw,7660461201453172498,1734810555690551128
h6wh0QAAAACOV4AEeERJl-yievH_HBssLkKR2TZ0V7yys5ZIFIND6g,7657213115356710674,1734810555690551128
gzICagAAAACOV4AEeERJl-yievH_HBssIzwsNr81GCTY_31rsknKXA,7658270288522561287,1734810555690551128
T3_cwgAAAACOV4AEeERJl-yievH_HBssVA69KpgShGV64RXUCYNV2g,7658273774026311432,1734810555690551128
GOvRuQAAAACOV4AEeERJl-yievH_HBssXY6k8ucdVWDUStrgIuq71w,7659392958671882004,1734810555690551128
uQTL5QAAAACOV4AEeERJl-yievH_HBsshJ9WO8oC918R87kfMzHm-g,7660461201453172498,1734810555690551128
XS1vLAAAAACOV4AEeERJl-yievH_HBss2OvnGAALyTfC2UjCVf2pyw,7660461201453172498,1734810555690551128
KRfPPgAAAACOV4AEeERJl-yievH_HBss-z4u7TLhFltx60GGmwEnyA,7660461201453172498,1734810555690551128
p9ESSQAAAACOV4AEeERJl-yievH_HBssR_G59lJvHnqRY2NUMq_EnQ,7660461201453172498,1734810555690551128
Y5EkgwAAAACOV4AEeERJl-yievH_HBssTrKMtvBlwwqFdFUyo9iOLA,7661987718047549205,1734810555690551128
Ty9_YgAAAACOV4AEeERJl-yievH_HBssLu4i19vwLW98sepQFxFfpQ,7661987718047549205,1734810555690551128
0Ktl2wAAAACOV4AEeERJl-yievH_HBss98ZZMcc5NxLGOJyAC0en7Q,7661987718047549205,1734810555690551128
OlDpxwAAAACOV4AEeERJl-yievH_HBssyJrMiLFJf1B0bD6BS5Ey8A,7661987718047549205,1734810555690551128
OjX16gAAAACOV4AEeERJl-yievH_HBssLMogjZiSaMeXxo2KnUlvUw,7661987718047549205,1734810555690551128
WQB7JgAAAACOV4AEeERJl-yievH_HBssNH0R3AlIg46elZDWVMapUA,7661987718047549205,1734810555690551128
dbY-eAAAAACOV4AEeERJl-yievH_HBss139WeLpZGcLm-7O-xoHOWQ,7661987718047549205,1734810555690551128
2EQVDwAAAACOV4AEeERJl-yievH_HBss0vNditubGnnL_kWzWbnmDA,7661987718047549205,1734810555690551128
XHgfcQAAAACOV4AEeERJl-yievH_HBss5MdW-l7y0bi9GDIQwXae4g,7661987718047549205,1734810555690551128
jHH3YgAAAACOV4AEeERJl-yievH_HBss_oG-7L8lp9g6XyF57nT5RQ,7661987718047549205,1734810555690551128
mVVYkwAAAACOV4AEeERJl-yievH_HBssNZIN3uEvGF1__HiZZXLdyQ,7661987718047549205,1734810555690551128
cg-eNwAAAACOV4AEeERJl-yievH_HBsspOsb02yF9LX0OgTL9o_bfQ,7661987718047549205,1734810555690551128
z-T_gQAAAACOV4AEeERJl-yievH_HBssqgLmvpprEbObEuO1WqUwXQ,7661987718047549205,1734810555690551128
e5eztwAAAACOV4AEeERJl-yievH_HBssvNJLtwpqeVQvdu5ybms8lg,7661987718047549205,1734810555690551128
tO3PiwAAAACOV4AEeERJl-yievH_HBssheFI3rImSFcsojeg-h_6eQ,7661987718047549205,1734810555690551128
iQqo5wAAAACOV4AEeERJl-yievH_HBss2h19peWjF7p5ddqc1Eo7Jw,7661987718047549205,1734810555690551128
HpuSeQAAAACOV4AEeERJl-yievH_HBssOMPHoOMd0qSzDSvCO-d-8A,7661987718047549205,1734810555690551128
CYzycgAAAACOV4AEeERJl-yievH_HBssYvydxXN6w1sA3EZDOs90WA,7661987718047549205,1734810555690551128
w9ypWwAAAACOV4AEeERJl-yievH_HBss9FChM8yGV_90DbLTZOqUIA,7661987718047549205,1734810555690551128
j0V2eAAAAACOV4AEeERJl-yievH_HBssc2zuL3fMCxyF0In48lrOsA,7661987718047549205,1734810555690551128
AXPkUgAAAACOV4AEeERJl-yievH_HBssYkUE4Ibnkg9LM1XVWzllkA,7661987718047549205,1734810555690551128
BFdBZwAAAACOV4AEeERJl-yievH_HBssCGEra_N_5aInbLhG8aGqsA,7661987718047549205,1734810555690551128
4c6hiwAAAACOV4AEeERJl-yievH_HBssy52zrJr_SBseYsIAkF2-WQ,7661987718047549205,1734810555690551128
FynQ9AAAAACOV4AEeERJl-yievH_HBssRV94IFnEoV1IScZFYQayAg,7661987718047549205,1734810555690551128
ZX2amAAAAACOV4AEeERJl-yievH_HBss5MWESkkPy1_RtOf2B2NquQ,7661987718047549205,1734810555690551128
5cdi_AAAAACOV4AEeERJl-yievH_HBssQCilw2lSUI2GhfhhxMfeSA,7661987718047549205,1734810555690551128
Si-mngAAAACOV4AEeERJl-yievH_HBssDKCD39YkENcX7GsCTTO0rQ,7661987718047549205,1734810555690551128
_tMofQAAAACOV4AEeERJl-yievH_HBsst_tl-j-ZF0441WP_9aJJiA,7661987718047549205,1734810555690551128
UYL3AgAAAACOV4AEeERJl-yievH_HBssiinZGsdxDnxhG_G1maG-Mg,7661987718047549205,1734810555690551128
IQbqsgAAAACOV4AEeERJl-yievH_HBssM0_ue_BGgdD07wgAMV8tOw,7661987718047549205,1734810555690551128
FzuEcwAAAACOV4AEeERJl-yievH_HBssX_inBCbNSBVa7r79Sp6mxg,7661987718047549205,1734810555690551128
XMqL1gAAAACOV4AEeERJl-yievH_HBsswofvluyptnmPSQ_9fxZmdw,7661987718047549205,1734810555690551128
mzFnbAAAAACOV4AEeERJl-yievH_HBssn5RoqegfXAWbFKsjWqFzfg,7661987718047549205,1734810555690551128
VyH1sAAAAACOV4AEeERJl-yievH_HBssAJ1L-XLrBukhEpXQY1rDmQ,7661987718047549205,1734810555690551128
IOeE5wAAAACOV4AEeERJl-yievH_HBssx5gpafObXQEJVvzvbnSAhw,7661987718047549205,1734810555690551128
ArTwKwAAAACOV4AEeERJl-yievH_HBss0U6AnbQezRGzFBCLjiueQw,7661987718047549205,1734810555690551128
LohTlwAAAACOV4AEeERJl-yievH_HBss9L6ypSqRdCBr1qaFWWBsew,7661987718047549205,1734810555690551128
15QN1wAAAACOV4AEeERJl-yievH_HBssgX88S5ecApsJyRVLU0bd9Q,7661987718047549205,1734810555690551128
rj_p1AAAAACOV4AEeERJl-yievH_HBssrJf6P2L9rdca3BwuBjxYNQ,7661987718047549205,1734810555690551128
A44j1AAAAACOV4AEeERJl-yievH_HBssW89fskKGWsLekGHAQHdr8g,7661987718047549205,1734810555690551128
zvyC9wAAAACOV4AEeERJl-yievH_HBsso8jYYmlq1FwI_tlQFfWG9Q,7661987718047549205,1734810555690551128
nvudswAAAACOV4AEeERJl-yievH_HBssFkhBje4EYDVchNgEZq3VuQ,7661987718047549205,1734810555690551128
Sc9KpwAAAACOV4AEeERJl-yievH_HBss1nAQDY-rdf-XKFgdt5oXoQ,7661987853107169045,1734810555690551128
-uHJVwAAAACOV4AEeERJl-yievH_HBssG-ElhJbBUq3CB3P4KRQhSg,7661987853107169045,1734810555690551128
Y8WEUgAAAACOV4AEeERJl-yievH_HBssm_32Vj52n0IorMd5pcM7Tw,7661987853107169045,1734810555690551128
scroTwAAAACOV4AEeERJl-yievH_HBsseQLK-suAIZuQ_QC1w8k7jA,7661987718047549205,1734810555690551128
bKJR9AAAAACOV4AEeERJl-yievH_HBssrItIPnD226j9KpCJXE-CYQ,7661987718047549205,1734810555690551128
IFAu7QAAAACOV4AEeERJl-yievH_HBss2CLc2G_jqXtPiEzrRdz-Jg,7661987718047549205,1734810555690551128
6oVUOAAAAACOV4AEeERJl-yievH_HBssWrlQyT_TlWd3JCTXGd5KqQ,7661987718047549205,1734810555690551128
Fhyk-wAAAACOV4AEeERJl-yievH_HBssak_7FiOXuosW_AJuMsXF6Q,7661987718047549205,1734810555690551128
58O-MwAAAACOV4AEeERJl-yievH_HBssoGg3oCls_A08dtKtwGVmUQ,7661987718047549205,1734810555690551128
mDZF1gAAAACOV4AEeERJl-yievH_HBssCrPZ4iX1kXwPXYQZMN0l5Q,7661987853107169045,1734810555690551128
zzfq1AAAAACOV4AEeERJl-yievH_HBssZINH91gnyz82M8bcW_KnUg,7661987853107169045,1734810555690551128
NDELewAAAACOV4AEeERJl-yievH_HBssRsqg__5uBn1rCcJqDQ1Nng,7661987853107169045,1734810555690551128
ZvLSdQAAAACOV4AEeERJl-yievH_HBss-n6UGZwM9mbaI6YLi-26wg,7661987853107169045,1734810555690551128
OpFftAAAAACOV4AEeERJl-yievH_HBssqzo6qnvTILzPhjq4jcgndQ,7661987853107169045,1734810555690551128
sNpo-gAAAACOV4AEeERJl-yievH_HBss7_00-asHQFwAZFk44QOfkA,7661987853107169045,1734810555690551128
6sArDAAAAACOV4AEeERJl-yievH_HBssaOLa-HDBJgEqphsxl5VTyA,7661987853107169045,1734810555690551128
FCvXoQAAAACOV4AEeERJl-yievH_HBsssDEqAbFYwJjTXX6TWHLi6w,7661987853107169045,1734810555690551128
lvCOBAAAAACOV4AEeERJl-yievH_HBss6PDjJ__t9SJ_PBsdcAx26g,7661987853107169045,1734810555690551128
Z7-8mwAAAACOV4AEeERJl-yievH_HBssZA8Ngs26jt9O5GSvxFIteg,7661987853107169045,1734810555690551128
W8SOjwAAAACOV4AEeERJl-yievH_HBss-ry_fWf1fMjor4oOxbe00A,7661987853107169045,1734810555690551128
iP0rZAAAAACOV4AEeERJl-yievH_HBss8kjIFjj-g4_2QbKdOW65zw,7661987853107169045,1734810555690551128
3b1djgAAAACOV4AEeERJl-yievH_HBss5zWHDZnXVFdfbD-uhUy9cQ,7661987853107169045,1734810555690551128
1yt96wAAAACOV4AEeERJl-yievH_HBssXfe4fvH69-t8CD8GLOYanw,7661987853107169045,1734810555690551128
5JolOgAAAACOV4AEeERJl-yievH_HBssPI6dlBFqhQXmxAx3cXoSCA,7661987853107169045,1734810555690551128
-sU-ZQAAAACOV4AEeERJl-yievH_HBssqz4sRpP6zSIITIRuOAHX_w,7661987853107169045,1734810555690551128
yWmPEwAAAACOV4AEeERJl-yievH_HBssYd31avNSWhzr_kZUys1Iow,7661987853107169045,1734810555690551128
ENAX6QAAAACOV4AEeERJl-yievH_HBssGY7gvAOes1bdm0Ao_8k0WQ,7661987853107169045,1734810555690551128
PQhz7wAAAACOV4AEeERJl-yievH_HBsssEYuMVT3GXvYur09BswplQ,7661987853107169045,1734810555690551128
2upBmQAAAACOV4AEeERJl-yievH_HBssuI02DS73Dz_9sNrtrAr47g,7661987853107169045,1734810555690551128
IfUYRwAAAACOV4AEeERJl-yievH_HBss4dxXU6ARDyabS6bjLMmOnQ,7661987853107169045,1734810555690551128
PpiFlAAAAACOV4AEeERJl-yievH_HBsswsP6cpDZARAIQNwcz_Y0sw,7661987853107169045,1734810555690551128
a1GNBwAAAACOV4AEeERJl-yievH_HBssXMEwrV7LEnrHGTQxOjcupQ,7661987853107169045,1734810555690551128
eNd5MAAAAACOV4AEeERJl-yievH_HBssLB6UjjxXWsspQOHH-PncpQ,7661987853107169045,1734810555690551128
P6s9nAAAAACOV4AEeERJl-yievH_HBssmNSsx857ff15-3pawpKFiQ,7661987853107169045,1734810555690551128
3U9zhwAAAACOV4AEeERJl-yievH_HBssgUhIrT_tSL4_s3j2lU9tVg,7661987853107169045,1734810555690551128
JszkSAAAAACOV4AEeERJl-yievH_HBss00_Q2oONRFFvCjici7Z_vg,7661987853107169045,1734810555690551128
mWSDMAAAAACOV4AEeERJl-yievH_HBsssRj9FePTXRkEZ8CmcNb1kw,7661987853107169045,1734810555690551128
iQ5PpgAAAACOV4AEeERJl-yievH_HBsszCoEJ7az_hmxA1ojbx0sJA,7661987853107169045,1734810555690551128
jNWu3gAAAACOV4AEeERJl-yievH_HBss_P-XiYZblOSoASjJhMl8Vg,7661987853107169045,1734810555690551128
G04xqAAAAACOV4AEeERJl-yievH_HBssrfap1DgGEV-fFYqMJHFK1w,7661987853107169045,1734810555690551128
K4-iPwAAAACOV4AEeERJl-yievH_HBssKJnx2p0Kl_w3jNv6M5xi7A,7661987853107169045,1734810555690551128
fKpaAAAAAACOV4AEeERJl-yievH_HBssarSI-HEjTBu8Yh7-uKA4aA,7661987853107169045,1734810555690551128
pFfl3wAAAACOV4AEeERJl-yievH_HBssgb-WXcIiJz-wiH6OSSRN2g,7661987853107169045,1734810555690551128
HPLjxAAAAACOV4AEeERJl-yievH_HBssAu9NxmT5DoTgKWDtFCX-vw,7661987853107169045,1734810555690551128
TSPAAQAAAACOV4AEeERJl-yievH_HBssSfEZeYSnnoEIv1qzUuUnQQ,7661987853107169045,1734810555690551128
inM76wAAAACOV4AEeERJl-yievH_HBssO_46zLq8Y4bbM13fgiPlWw,7661987853107169045,1734810555690551128
yXrqVQAAAACOV4AEeERJl-yievH_HBssu5qAeG-D6YTxYxMUThyqzA,7661987853107169045,1734810555690551128
jXLOoQAAAACOV4AEeERJl-yievH_HBss7e_sCPzyV7eIQVDSHInQXg,7661987718047549205,1734810555690551128
cbfTnAAAAACOV4AEeERJl-yievH_HBssKVRmszup05VJDILEslodqA,7661987718047549205,1734810555690551128
i-naJwAAAACOV4AEeERJl-yievH_HBsseCoiAlvDy2RuGaNN2m60Pw,7661987853107169045,1734810555690551128
UM9GkwAAAACOV4AEeERJl-yievH_HBss2pSiZM8YT4hj7OOY-4QR0w,7661987853107169045,1734810555690551128
oyoZbgAAAACOV4AEeERJl-yievH_HBssfU6PBK9-RJQflbnx4KiYIQ,7661987853107169045,1734810555690551128
VKzEpAAAAACOV4AEeERJl-yievH_HBss3tj9N26doX2dYwbDewjG_Q,7661987853107169045,1734810555690551128
4FoyBQAAAACOV4AEeERJl-yievH_HBsslgRAX21rlNgT1dp2fmtTwA,7661987853107169045,1734810555690551128
67YU_gAAAACOV4AEeERJl-yievH_HBssXajjDslPKYliE3Z8ZuUo4Q,7661987853107169045,1734810555690551128
-OdlbAAAAACOV4AEeERJl-yievH_HBssBumYj1Y1Di4lWCP4M3cPAQ,7661987853107169045,1734810555690551128
Tjn9egAAAACOV4AEeERJl-yievH_HBssuSYY7lLHqOsM2y_aqVGvKA,7661987853107169045,1734810555690551128
hnMFLgAAAACOV4AEeERJl-yievH_HBssLxMkdKs3ZGjOTWFgp1pkqg,7661987853107169045,1734810555690551128
Ssb9wgAAAACOV4AEeERJl-yievH_HBss-0Hgn87hpvNd2va2VqJryQ,7661988029667919636,1734810555690551128
xQ_MGwAAAACOV4AEeERJl-yievH_HBssNLSmCLUeM4ujgJWNS7DUUw,7661988029667919636,1734810555690551128
9GEV7QAAAACOV4AEeERJl-yievH_HBssTsUR2ojhmMeiEzZeJwVB4Q,7661988029667919636,1734810555690551128
ya8Q5QAAAACOV4AEeERJl-yievH_HBsshe0VAsLz5-n0z29HWPNv5w,7661988029667919636,1734810555690551128
zHPnQQAAAACOV4AEeERJl-yievH_HBssIZUxK1UMb0Fvtxb0_xjuZg,7661988029667919636,1734810555690551128
AauoPgAAAACOV4AEeERJl-yievH_HBssL3qV6Y9e0DNKfnQlytXvsw,7661988029667919636,1734810555690551128
LNhrJwAAAACOV4AEeERJl-yievH_HBssgFr_K5XKHT44216Wa4Uc4g,7661988029667919636,1734810555690551128
gh_APgAAAACOV4AEeERJl-yievH_HBssM8V1ixUoBiD6cGr714xQvw,7661988029667919636,1734810555690551128
VcBJpgAAAACOV4AEeERJl-yievH_HBssWV7-pAb4T-Rd-y8tjqv3cQ,7661987948536481543,1734810555690551128
yvazGAAAAACOV4AEeERJl-yievH_HBss-Sp0buJlwaAvcgs3dTsHoA,7661987948536481543,1734810555690551128
nMrOzgAAAACOV4AEeERJl-yievH_HBssLAdTmBMHOrHSzR1oBbvjSw,7661987948536481543,1734810555690551128
hM0VlAAAAACOV4AEeERJl-yievH_HBssCsEbkvvpp42HLLnITCxUUA,7661987948536481543,1734810555690551128
acjzEAAAAACOV4AEeERJl-yievH_HBssxCETigoinuZPaW42Wlsnwg,7661987948536481543,1734810555690551128
0v0RpgAAAACOV4AEeERJl-yievH_HBssDwH8DRZLG5iLadIGVQkYag,7661987948536481543,1734810555690551128
eUi3rgAAAACOV4AEeERJl-yievH_HBssJ6LJzBWGc-tyG1Ne55YEag,7661987948536481543,1734810555690551128
Hqg2AQAAAACOV4AEeERJl-yievH_HBssiBEOmqzb0KYj9fAhAIqpdw,7661987948536481543,1734810555690551128
RT0dZAAAAACOV4AEeERJl-yievH_HBssetCIJUc7aKStlE5rl-1gYw,7661987948536481543,1734810555690551128
leRd-wAAAACOV4AEeERJl-yievH_HBssVyOpP1eN2PBDyFgXMQoXNw,7661987948536481543,1734810555690551128
_JMNGQAAAACOV4AEeERJl-yievH_HBssa9u__6Z2FGWaRoLHEKc0Qg,7661987948536481543,1734810555690551128
5qTgugAAAACOV4AEeERJl-yievH_HBss6r-P4UFxolZuumflt9H_MQ,7661987948536481543,1734810555690551128
YcFm2AAAAACOV4AEeERJl-yievH_HBsskbNKAORa4SFIdvNSCSs9ug,7661987948536481543,1734810555690551128
xEmJzwAAAACOV4AEeERJl-yievH_HBss092ENQ0jLX68yw0RELTwLw,7661987948536481543,1734810555690551128
taVexQAAAACOV4AEeERJl-yievH_HBsswIW1lhm9DVmu-Mr3Jgps-w,7661987948536481543,1734810555690551128
XQ0jowAAAACOV4AEeERJl-yievH_HBssug5-NJiR6lJ1dqKCz-Ec5Q,7661987948536481543,1734810555690551128
gDDjbwAAAACOV4AEeERJl-yievH_HBssNyn7TkuD3-gdR1G_LRh3uA,7661987948536481543,1734810555690551128
rM33gQAAAACOV4AEeERJl-yievH_HBssTTy4M6fRTEo8IJtAoZYcbQ,7661987948536481543,1734810555690551128
2sJAOQAAAACOV4AEeERJl-yievH_HBss-STjmv44CCeyvTUY4ZHf2w,7661987948536481543,1734810555690551128
eJs76wAAAACOV4AEeERJl-yievH_HBssQ9jMLkRIdufzEjf-VoEVog,7661987948536481543,1734810555690551128
N85FZwAAAACOV4AEeERJl-yievH_HBsskt99L2BvrWFAgqqb9X8eWw,7661988029667919636,1734810555690551128
q_trGQAAAACOV4AEeERJl-yievH_HBssWVaVJ_a5W9JkKBaVWKBbTw,7661988029667919636,1734810555690551128
nCouxAAAAACOV4AEeERJl-yievH_HBss2lPFlle_pYCmjFngAd84BQ,7661988029667919636,1734810555690551128
iK9m0QAAAACOV4AEeERJl-yievH_HBssv1j7Bzm4YzVRak-wlQUGbA,7661988029667919636,1734810555690551128
nkvhEwAAAACOV4AEeERJl-yievH_HBssBQTD6AaQbkiBu-DK1kjObw,7661988029667919636,1734810555690551128
TGicLQAAAACOV4AEeERJl-yievH_HBsss-UL81A6prkO8lYotRPJSQ,7661988029667919636,1734810555690551128
Q3lp5gAAAACOV4AEeERJl-yievH_HBssZo3wjTX0vrWEUKAnG9qlZQ,7661988029667919636,1734810555690551128
TXrW7gAAAACOV4AEeERJl-yievH_HBssF6MfpK1pOICa1W6wWKDBCw,7661988029667919636,1734810555690551128
xLCBHQAAAACOV4AEeERJl-yievH_HBss7Q-S-sbquosPzhmYoq4gtQ,7661988029667919636,1734810555690551128
7VIiWwAAAACOV4AEeERJl-yievH_HBssS4z6VZ4e9qjC30g7bsuXUA,7661988029667919636,1734810555690551128
zEyMDQAAAACOV4AEeERJl-yievH_HBssLJ4haO2qyCLrxPsuLcnpzg,7661988029667919636,1734810555690551128
dldI2wAAAACOV4AEeERJl-yievH_HBss_zL95QHWF25DdSZC3V958A,7661988029667919636,1734810555690551128
wyN-kQAAAACOV4AEeERJl-yievH_HBss6p1GB6nPDrxBlJWzT2Hi6g,7661988029667919636,1734810555690551128
H8hQqQAAAACOV4AEeERJl-yievH_HBssREccd8Nk-FhU1W-_p6QP8A,7661988029667919636,1734810555690551128
DtuCzAAAAACOV4AEeERJl-yievH_HBsshssKv2OMatpEMn9UZ2IZHg,7661988029667919636,1734810555690551128
bgX22gAAAACOV4AEeERJl-yievH_HBssmSsqNLRZUVDnME8qWRoHfQ,7661988029667919636,1734810555690551128
9toBuwAAAACOV4AEeERJl-yievH_HBssybtSCOP1oAXujr1YTbmp-Q,7661988029667919636,1734810555690551128
eVzoUQAAAACOV4AEeERJl-yievH_HBsshbPXXLW1BPVp-daqA1-k-A,7661988029667919636,1734810555690551128
L1dpKwAAAACOV4AEeERJl-yievH_HBssFu-TIAIndxhFQ4YmpZRCZQ,7661988029667919636,1734810555690551128
o_qoSQAAAACOV4AEeERJl-yievH_HBssdNHQ6YBVEHdtYtYSG0c5Pw,7661988029667919636,1734810555690551128
P3RYewAAAACOV4AEeERJl-yievH_HBss-Ad3fliMAaoptsIIXPoNKQ,7661988029667919636,1734810555690551128
losOugAAAACOV4AEeERJl-yievH_HBssFeO6NjGudkAQR6IwdSCzJw,7661988029667919636,1734810555690551128
kJZVnwAAAACOV4AEeERJl-yievH_HBssMcJYekl-nEf489SEaciiYg,7661988029667919636,1734810555690551128
3p1pEwAAAACOV4AEeERJl-yievH_HBssYwUQ0S7N0wtoosHgpQi7tw,7661988029667919636,1734810555690551128
1iZhmAAAAACOV4AEeERJl-yievH_HBsslHRzY74FSNqjm08aFFsRLQ,7661988029667919636,1734810555690551128
EAfU2QAAAACOV4AEeERJl-yievH_HBsseo2ndHZ74xN2sohKS2tEHQ,7661988029667919636,1734810555690551128
QzUBGAAAAACOV4AEeERJl-yievH_HBssSjDKAha0GmP0-zUpKZFlUg,7661987948536481543,1734810555690551128
pjLwDQAAAACOV4AEeERJl-yievH_HBssJUjv1Y6s6RaKQ6hO8JqSDw,7661987948536481543,1734810555690551128
poH6ygAAAACOV4AEeERJl-yievH_HBssVxV5pIKuQcjTxfplZNrAmw,7661987948536481543,1734810555690551128
dl4xoQAAAACOV4AEeERJl-yievH_HBssfi337R0Zl3bHKMEeNlza3Q,7661987948536481543,1734810555690551128
AT_ziQAAAACOV4AEeERJl-yievH_HBssiHPqwVR-HPZZ6LJKFfbKUw,7661987948536481543,1734810555690551128
GGHfaAAAAACOV4AEeERJl-yievH_HBssmaO9MTVdIvHUfhz6in7LSw,7661987948536481543,1734810555690551128
GGEdZAAAAACOV4AEeERJl-yievH_HBssfBztAzZCJV3Yx50I922K7A,7661987948536481543,1734810555690551128
JFmrJwAAAACOV4AEeERJl-yievH_HBssA-HmUPjRgNTzgX2oNT2Dhw,7661987948536481543,1734810555690551128
mLyIMgAAAACOV4AEeERJl-yievH_HBss8ucNVqavdzwXmhwuBHfNAg,7661987948536481543,1734810555690551128
igABiQAAAACOV4AEeERJl-yievH_HBsseUDTciE4vSLu_Pxa5G_BfQ,7661987948536481543,1734810555690551128
gR12ogAAAACOV4AEeERJl-yievH_HBssG5BfXnoFBUjz4KvnMYVJ6Q,7661987948536481543,1734810555690551128
jCuTewAAAACOV4AEeERJl-yievH_HBssRV5SAE_YqWvkaNA7CwMuSw,7661987948536481543,1734810555690551128
T83y1wAAAACOV4AEeERJl-yievH_HBssTtp-wkSlPFyIXZnU7xLVaA,7661987948536481543,1734810555690551128
zrCvhQAAAACOV4AEeERJl-yievH_HBssOkPp29bavvQPieBKNYe7vw,7661987948536481543,1734810555690551128
NEQJfwAAAACOV4AEeERJl-yievH_HBssrsu_FD4uAWlux4UVoNVZXw,7661987948536481543,1734810555690551128
h8o8OwAAAACOV4AEeERJl-yievH_HBssjT5AjpurW5AgMeP2kzkdLA,7661987948536481543,1734810555690551128
6fK5VQAAAACOV4AEeERJl-yievH_HBsseS0ebAj-uKcxOxc8jjD_AA,7661987948536481543,1734810555690551128
2uZntQAAAACOV4AEeERJl-yievH_HBssYQV90ueAputxVctBcbZ06A,7661987948536481543,1734810555690551128
AUK0EgAAAACOV4AEeERJl-yievH_HBssmYgADDlZ79csIR360sW-0w,7661987948536481543,1734810555690551128
JhHP8QAAAACOV4AEeERJl-yievH_HBssomh-3YZ3ZURpcIE355x1DA,7661987948536481543,1734810555690551128
sYScagAAAACOV4AEeERJl-yievH_HBssTCbgWqBi7IslKuD2Ixrc4Q,7661987948536481543,1734810555690551128
A-MwAAAAAACOV4AEeERJl-yievH_HBsspB04GMJ-P2wSU2D3hq4qnQ,7661987948536481543,1734810555690551128
AMug1gAAAACOV4AEeERJl-yievH_HBss_v78POKsTjQxQnK1YnevLg,7661987948536481543,1734810555690551128
LRdwmQAAAACOV4AEeERJl-yievH_HBssvbUgz8BUg4GY_imTmtDSWw,7661988029667919636,1734810555690551128
1Q2_4AAAAACOV4AEeERJl-yievH_HBssQBCVtlGWdZakMSsKaFEgIw,7661988029667919636,1734810555690551128
A6hSawAAAACOV4AEeERJl-yievH_HBsscaDJ4JzSfyRue7zTGa30pA,7661988029667919636,1734810555690551128
1d78gQAAAACOV4AEeERJl-yievH_HBss-n-VFSWpsueTUE0H8Byjqg,7661988068908009233,1734810555690551128
-OdG7gAAAACOV4AEeERJl-yievH_HBssQ0otJgkrHFm2QDFDDMoVfw,7661988068908009233,1734810555690551128
ldz9JwAAAACOV4AEeERJl-yievH_HBssZI8gmFHPAEWwPGsuvsnl6g,7661988068908009233,1734810555690551128
OZzkywAAAACOV4AEeERJl-yievH_HBssopeTZQnqnV-msycVGbiWGQ,7661988068908009233,1734810555690551128
2fme-AAAAACOV4AEeERJl-yievH_HBss5sLw3mfgpGEfNLxJs_z77A,7661988068908009233,1734810555690551128
LRFpOAAAAACOV4AEeERJl-yievH_HBssdwA42_c1z4BnS-VYO2Zpng,7661988068908009233,1734810555690551128
BGKFmgAAAACOV4AEeERJl-yievH_HBsskbD-QueTajICbatmsDe3pw,7661988068908009233,1734810555690551128
Mn89MwAAAACOV4AEeERJl-yievH_HBssvyFdHOC30OeVwc-W4pL9gw,7661988068908009233,1734810555690551128
5Z0CjgAAAACOV4AEeERJl-yievH_HBssdF9sk_IYUWouJ8ZGyontfg,7661988068908009233,1734810555690551128
GhdhoQAAAACOV4AEeERJl-yievH_HBss2efEYJcz9glLH4sqQ_wcUg,7661988068908009233,1734810555690551128
5aa5GgAAAACOV4AEeERJl-yievH_HBssqrtaTuY1ceJyJn45tyDDUg,7661988068908009233,1734810555690551128
WWyUZAAAAACOV4AEeERJl-yievH_HBssIiJrhkPdBkph9dYmb9MLxw,7661988068908009233,1734810555690551128
YiqL2wAAAACOV4AEeERJl-yievH_HBssuZ4MznvzCzgMsmK6gStYdg,7661988068908009233,1734810555690551128
KfkPQwAAAACOV4AEeERJl-yievH_HBssKXaqu_qKNz53MTFGBTtwmQ,7661988068908009233,1734810555690551128
xTwrPgAAAACOV4AEeERJl-yievH_HBssr3GnU7hZ4F2bdFiwWoxWgQ,7661988068908009233,1734810555690551128
y7si7QAAAACOV4AEeERJl-yievH_HBssY8yIewMzIhwDX4j4sDVpPA,7661988068908009233,1734810555690551128
DhbDIQAAAACOV4AEeERJl-yievH_HBssktJ7Z3mPyr_8rZtdvdTzCA,7661988068908009233,1734810555690551128
nI9rHwAAAACOV4AEeERJl-yievH_HBssU-Avcd3oDuobvXhJ9rPAvw,7661988068908009233,1734810555690551128
GRqxIAAAAACOV4AEeERJl-yievH_HBssiZgR4dDPkd1Lmw1XOsmvuQ,7661988068908009233,1734810555690551128
1lEFWwAAAACOV4AEeERJl-yievH_HBsszWfTtngPdaKSGXYzzDbsNg,7661988068908009233,1734810555690551128
HTPDdgAAAACOV4AEeERJl-yievH_HBss78txMMcKGbHCbG70IvQGdw,7661987768017159953,1734810555690551128
5ivCowAAAACOV4AEeERJl-yievH_HBssqK37Ys6VpIuDbAk4Mv2JSg,7661987768017159953,1734810555690551128
MnHnYQAAAACOV4AEeERJl-yievH_HBssxg8epSElmMiCloFOZH_Pyw,7661987768017159953,1734810555690551128
J8TLYAAAAACOV4AEeERJl-yievH_HBssZQ4Cptp8DZr4TWZ0FcVEcw,7661987768017159953,1734810555690551128
qdB97QAAAACOV4AEeERJl-yievH_HBssqfuWgwimtVIEIW8FXxJ0Lg,7661987768017159953,1734810555690551128
6smqiwAAAACOV4AEeERJl-yievH_HBss3_47Yz5s35sDCzYDvURq1w,7661987768017159953,1734810555690551128
DtODogAAAACOV4AEeERJl-yievH_HBssPIRJS4SQW043FOT97plffA,7661987768017159953,1734810555690551128
rDs0XAAAAACOV4AEeERJl-yievH_HBssT75B0VYQv_twOpw6LpPK6w,7661987768017159953,1734810555690551128
06RNEwAAAACOV4AEeERJl-yievH_HBssiLgn7dsp7g8sfnpKwsWanA,7661987768017159953,1734810555690551128
3JO6CwAAAACOV4AEeERJl-yievH_HBssJ0ywRqx9kYWDI01xcME3sQ,7661987768017159953,1734810555690551128
WFqC4wAAAACOV4AEeERJl-yievH_HBssjxrc-kDVXese45vzkGDvlA,7661987768017159953,1734810555690551128
ui1hIwAAAACOV4AEeERJl-yievH_HBssKkwf6vWoxsRhZGBGqf2sgg,7661987768017159953,1734810555690551128
ChhTqgAAAACOV4AEeERJl-yievH_HBsssna3-IjI8I5NXYh_xJ4Hfg,7661987948536481543,1734810555690551128
uFallAAAAACOV4AEeERJl-yievH_HBsszYo6r89MVT_BVH7APxDU_g,7661987948536481543,1734810555690551128
O3SFbwAAAACOV4AEeERJl-yievH_HBssdh65fJnbR9YsAzQ9GDlxhA,7661987948536481543,1734810555690551128
pfPfFQAAAACOV4AEeERJl-yievH_HBss2l24_uJH6e6mUQNCQEL8QA,7661987948536481543,1734810555690551128
KG2-8wAAAACOV4AEeERJl-yievH_HBsszc0zwYDd8bZOlnvTKwAARA,7661987948536481543,1734810555690551128
j3DCqQAAAACOV4AEeERJl-yievH_HBssv3Vu6djDz5omFEiLaqczEg,7661987948536481543,1734810555690551128
0sEUMQAAAACOV4AEeERJl-yievH_HBssz6niZ8Oo5eEd50ePnTgVEw,7661988029667919636,1734810555690551128
7oufxAAAAACOV4AEeERJl-yievH_HBssZJd-xqQsvr-A6pnhQvfDQQ,7661988029667919636,1734810555690551128
luSBgwAAAACOV4AEeERJl-yievH_HBss7F1uKvvnyCfeWimSI2THjw,7661988029667919636,1734810555690551128
KieCmQAAAACOV4AEeERJl-yievH_HBssl_ifkGBsaPTIxgjazIF9UQ,7661988029667919636,1734810555690551128
rkjU5gAAAACOV4AEeERJl-yievH_HBssb4tHjDG4uDdYWgISlYgiXw,7661988029667919636,1734810555690551128
YtwFxAAAAACOV4AEeERJl-yievH_HBssVsFoJ2Gcw4ea0aPI5tHCxg,7661988029667919636,1734810555690551128
Gh4YlgAAAACOV4AEeERJl-yievH_HBssF66ITFvYAlZHWUtlhb3xcg,7661988029667919636,1734810555690551128
ZtGQCAAAAACOV4AEeERJl-yievH_HBssiMD4gZBiNDscUfk5fVW5kA,7661988029667919636,1734810555690551128
ervBXgAAAACOV4AEeERJl-yievH_HBssVAWWUTx7PjDOdKOrbbXKAw,7661988029667919636,1734810555690551128
OsCmOAAAAACOV4AEeERJl-yievH_HBssp4tKUT-CoU2IdyuAZAZliA,7661988068908009233,1734810555690551128
EpqXfAAAAACOV4AEeERJl-yievH_HBssdCd02uti9wF9DBdgXGjZVQ,7661988068908009233,1734810555690551128
UQWA-AAAAACOV4AEeERJl-yievH_HBssZkYeRGOgF6OIkOWdf3QKEQ,7661988068908009233,1734810555690551128
TVnzzAAAAACOV4AEeERJl-yievH_HBssFqxte9WdTnFvuh69-oiLUA,7661988068908009233,1734810555690551128
-5sQ_AAAAACOV4AEeERJl-yievH_HBss5jnKJ8iE-fGuH4DfmsLZIA,7661988068908009233,1734810555690551128
MOzUhAAAAACOV4AEeERJl-yievH_HBssergG3ch8umg-fO8luGpaMQ,7661988068908009233,1734810555690551128
OGXtTAAAAACOV4AEeERJl-yievH_HBssh1WzxTqipXyVpbvGB4AqIQ,7661988068908009233,1734810555690551128
cZzougAAAACOV4AEeERJl-yievH_HBssuWjvicOpc_MwAfn-Ul0GEA,7661988068908009233,1734810555690551128
JQXa5AAAAACOV4AEeERJl-yievH_HBssNReqBOEIFkmvcRjB2GdHZA,7661988068908009233,1734810555690551128
X9IWJgAAAACOV4AEeERJl-yievH_HBssfAOO5RAvwDyupzZ249iRCw,7661988068908009233,1734810555690551128
GfcyvAAAAACOV4AEeERJl-yievH_HBss2Fhjd_ovB3yt1k4siBudPw,7661988068908009233,1734810555690551128
j71zgAAAAACOV4AEeERJl-yievH_HBssJJ--VH09sm5b7uvvYxQ_bw,7661988068908009233,1734810555690551128
uW-lJgAAAACOV4AEeERJl-yievH_HBsso2osrLe45gIRcECNru3c0w,7661988068908009233,1734810555690551128
8Y_msgAAAACOV4AEeERJl-yievH_HBss9ZpcfZipKgWIA3T5fYI61w,7661988068908009233,1734810555690551128
KitQwwAAAACOV4AEeERJl-yievH_HBsstZiDyMjsnqgTIDYmpaT5mA,7661988068908009233,1734810555690551128
dDbjFwAAAACOV4AEeERJl-yievH_HBssnviGY6cqfQJhNt-1SCkhrQ,7661988068908009233,1734810555690551128
pJrPWwAAAACOV4AEeERJl-yievH_HBssYEiKDKBK_jxWZhQIff3_3Q,7661988068908009233,1734810555690551128
cQuQWQAAAACOV4AEeERJl-yievH_HBssYnw6iW_6dPqVjZ4e8P9yDA,7661988068908009233,1734810555690551128
8Zu3dQAAAACOV4AEeERJl-yievH_HBss_Ufh-pq8h4yHILvbeumpow,7661988068908009233,1734810555690551128
fBnVuQAAAACOV4AEeERJl-yievH_HBssLMT2cEkOPQs7OhE2cne8pQ,7661988068908009233,1734810555690551128
z4QgnQAAAACOV4AEeERJl-yievH_HBss1ufuELxQo0Q_Y3pIe4cVeQ,7661988068908009233,1734810555690551128
SUN9SAAAAACOV4AEeERJl-yievH_HBssW5-SuzYBuVQFlMGB9RGWFQ,7661987768017159953,1734810555690551128
T7h1AAAAAACOV4AEeERJl-yievH_HBssdaqv2MBqHNNr0m1Crg3F9w,7661987768017159953,1734810555690551128
eRjzPwAAAACOV4AEeERJl-yievH_HBssDJRdvgfDpQ11PkiOOw9YWg,7661987768017159953,1734810555690551128
GUzqKAAAAACOV4AEeERJl-yievH_HBssUcVbp9vNGb0j91VG7dxYNA,7661987768017159953,1734810555690551128
UulTwAAAAACOV4AEeERJl-yievH_HBss0IW5cWqnYQCOAJOpuwQ_CA,7661987768017159953,1734810555690551128
FxbjEAAAAACOV4AEeERJl-yievH_HBssMk6umhwe9zQptNWPP4tC1w,7661987768017159953,1734810555690551128
I8CUbgAAAACOV4AEeERJl-yievH_HBss87z1Xho47FQC44MZru3q4g,7661987768017159953,1734810555690551128
085stAAAAACOV4AEeERJl-yievH_HBssQmghiwD-0xX2ccLfg1jXvw,7661987768017159953,1734810555690551128
06HL8wAAAACOV4AEeERJl-yievH_HBssHSqL2ZQur2U9_bHCndu4YQ,7661987768017159953,1734810555690551128
vQkt7QAAAACOV4AEeERJl-yievH_HBss0tf7gfC0n7DDPNHfV7TCUQ,7661987768017159953,1734810555690551128
PwYs3wAAAACOV4AEeERJl-yievH_HBsssljaM-5VOm89Bb3n7xNZww,7661987768017159953,1734810555690551128
PeMlewAAAACOV4AEeERJl-yievH_HBssOe98dRqh8fihoIRsotTTcA,7661987768017159953,1734810555690551128
8KM5WwAAAACOV4AEeERJl-yievH_HBssYMmP080U-bq5F4hakcjSxA,7661987768017159953,1734810555690551128
MSTeoQAAAACOV4AEeERJl-yievH_HBssLjTl_b0WywgdY0v5cBhxQA,7661987768017159953,1734810555690551128
xS0unAAAAACOV4AEeERJl-yievH_HBssCK2FsWmtGsqedqTWQDWXDw,7661987768017159953,1734810555690551128
DIN7OAAAAACOV4AEeERJl-yievH_HBssxjewwQmss0SSVK51j50Jlw,7661987768017159953,1734810555690551128
VRtORwAAAACOV4AEeERJl-yievH_HBssMwuBwl61aG4q0dx8IHTcYQ,7661987768017159953,1734810555690551128
Rc5vPQAAAACOV4AEeERJl-yievH_HBssbEKtG1LoW24vtbTjgDC0IA,7661987768017159953,1734810555690551128
4942HwAAAACOV4AEeERJl-yievH_HBssy3CK3UKH-MiiysjQ1lCcEg,7661987768017159953,1734810555690551128
wncAwAAAAACOV4AEeERJl-yievH_HBss5aiAo14MWtqYLJHo5UXGzg,7661987768017159953,1734810555690551128
Uv3irQAAAACOV4AEeERJl-yievH_HBssMFDdP7rBx3dXq2vGf8-NzA,7661987768017159953,1734810555690551128
R1JT5gAAAACOV4AEeERJl-yievH_HBssBKAisNwIeYc2mjIJ9Ghwuw,7661987768017159953,1734810555690551128
62JssAAAAACOV4AEeERJl-yievH_HBssWg2VmS4sqDP70NwItHJtxw,7661987768017159953,1734810555690551128
aDGF5wAAAACOV4AEeERJl-yievH_HBssnjW4f_iy3cCKQMp05BRoIQ,7661987768017159953,1734810555690551128
m5Ej2gAAAACOV4AEeERJl-yievH_HBssiumuS6iheuVsccY8l8Xa6A,7661987768017159953,1734810555690551128
zJZr3QAAAACOV4AEeERJl-yievH_HBssJqP2FLAm_FQMRO4mW_1SVA,7661987768017159953,1734810555690551128
qtX3SAAAAACOV4AEeERJl-yievH_HBssBhpa4zFCh5-0Kj7QPKTexA,7661987768017159953,1734810555690551128
GFbklAAAAACOV4AEeERJl-yievH_HBssUcOqYaL5Vg3kYvZ8BV8hHg,7661987768017159953,1734810555690551128
749dHwAAAACOV4AEeERJl-yievH_HBsstyI8rywdrrA_uqCr-r5G6A,7661987768017159953,1734810555690551128
2huC2QAAAACOV4AEeERJl-yievH_HBssmDzEBlCx-Yd3lJo1g7IzYA,7661987768017159953,1734810555690551128
TdPJigAAAACOV4AEeERJl-yievH_HBssB39N_-A6jJhmnJhPllPSbQ,7661987768017159953,1734810555690551128
wyBhjgAAAACOV4AEeERJl-yievH_HBssdvLGbjvToN15Eeotc8eb1w,7661987768017159953,1734810555690551128
bR6rnwAAAACOV4AEeERJl-yievH_HBssw9gYrrAfH7iqZK0bKzAq2g,7661987948536481543,1734810555690551128
MvRoZwAAAACOV4AEeERJl-yievH_HBssRxyYFLgi24Ymo-U3nQRbHA,7661988029667919636,1734810555690551128
hJ9BAQAAAACOV4AEeERJl-yievH_HBssKsVurWfhFjdloY6xGiyAlg,7661988029667919636,1734810555690551128
h-mpcQAAAACOV4AEeERJl-yievH_HBsscoLdGJdRtulJ8u8zqt0OMg,7661988029667919636,1734810555690551128
Kx5reQAAAACOV4AEeERJl-yievH_HBssL6aOM4sNrE6eO_FeWK69Kg,7661988068908009233,1734810555690551128
LDBG6QAAAACOV4AEeERJl-yievH_HBssSHICjBB5MuVmPDlIE5XdUA,7661988068908009233,1734810555690551128
2yDw7wAAAACOV4AEeERJl-yievH_HBsscH3cgRMY2hc2IHLjw13Nzg,7661988068908009233,1734810555690551128
824fNAAAAACOV4AEeERJl-yievH_HBss70rT1Zu0sQ8WODXUcl9M9w,7661988068908009233,1734810555690551128
YRtEUgAAAACOV4AEeERJl-yievH_HBsskMXLQNnbh28IUzgsdl_c_g,7661988068908009233,1734810555690551128
E08QOwAAAACOV4AEeERJl-yievH_HBsszgmL3iLwzeuZBLd2c8aRiQ,7661988068908009233,1734810555690551128
ECgkaAAAAACOV4AEeERJl-yievH_HBssQsW_znzPDuj2rhOvoCxThA,7661988068908009233,1734810555690551128
WHJnrQAAAACOV4AEeERJl-yievH_HBssAEO85z73JhhQ4_DruPG83w,7661988068908009233,1734810555690551128
K0DfDgAAAACOV4AEeERJl-yievH_HBssR-1Z4kkp-WV1USA4wEMpng,7661988068908009233,1734810555690551128
M1EGBgAAAACOV4AEeERJl-yievH_HBssGf4gjm8-yLmL67UPwtjzAQ,7661987768017159953,1734810555690551128
vCbttQAAAACOV4AEeERJl-yievH_HBss72LfQ4iWuS-gm3DkWR_mZA,7661987768017159953,1734810555690551128
pq55wAAAAACOV4AEeERJl-yievH_HBssYdDYzH3x2lU5jXhIvUL8mA,7661987768017159953,1734810555690551128
yTj2zwAAAACOV4AEeERJl-yievH_HBsshSFfkb6tc8N-HQpMVub-sw,7661987768017159953,1734810555690551128
bn7YeAAAAACOV4AEeERJl-yievH_HBssHIJIbkQIV5KrHPoY-NSt-g,7661987768017159953,1734810555690551128
gRNHuQAAAACOV4AEeERJl-yievH_HBsstVXLC96gbRU8T6QiD-5Wyw,7661987768017159953,1734810555690551128
d5dUqgAAAACOV4AEeERJl-yievH_HBss1PJDcjzt3LHaDIgMv5-e7A,7661988038513198864,1734810555690551128
l9u_LwAAAACOV4AEeERJl-yievH_HBss8vuQv8cDHz0_fUqNZM1NNg,7661988038513198864,1734810555690551128
SxtNaQAAAACOV4AEeERJl-yievH_HBssAydeyVy3THVxAzlCCHt7LA,7661988038513198864,1734810555690551128
kZ5rOwAAAACOV4AEeERJl-yievH_HBssNFSY_0RzPaTRd-P-XaS8LQ,7661988038513198864,1734810555690551128
0QzItQAAAACOV4AEeERJl-yievH_HBsswmXX4_daeXmS59Gmwi6hhA,7661988038513198864,1734810555690551128
hcFMFwAAAACOV4AEeERJl-yievH_HBsskb3f6avbfBJvLHTkvPgyAQ,7661988038513198864,1734810555690551128
TlhaxwAAAACOV4AEeERJl-yievH_HBssuOFMhj-AIwAMxiwAO3XwdA,7661988038513198864,1734810555690551128
i7bA-gAAAACOV4AEeERJl-yievH_HBssJkzvhc7nwNlA5h-LVY4jKQ,7661988038513198864,1734810555690551128
_5kkGwAAAACOV4AEeERJl-yievH_HBsstN3O7q_neBd-pJpRekrxIQ,7661988038513198864,1734810555690551128
8-JXfAAAAACOV4AEeERJl-yievH_HBssY2nRKTkpIUcyk4cwcxosVQ,7661988038513198864,1734810555690551128
sTghxAAAAACOV4AEeERJl-yievH_HBssgL8FOb0Gd_yF0bC3SKBMkw,7661988038513198864,1734810555690551128
PQOU7wAAAACOV4AEeERJl-yievH_HBssds8A7eLuoHiJGO4t5hF-Kw,7661988038513198864,1734810555690551128
FJRrqwAAAACOV4AEeERJl-yievH_HBssr6OJNZzIzLXZyzC3UF9vfA,7661988038513198864,1734810555690551128
AQsRJAAAAACOV4AEeERJl-yievH_HBssjCXTwrizE8RqEI2V1nfpzg,7661988038513198864,1734810555690551128
WIaAkQAAAACOV4AEeERJl-yievH_HBssCF46HPBFK6SjXIGx7qZ0PA,7661988038513198864,1734810555690551128
o7jVlQAAAACOV4AEeERJl-yievH_HBssL5Cct0qHw74h8gZD1BS7YA,7661988038513198864,1734810555690551128
Kz1nlAAAAACOV4AEeERJl-yievH_HBssff4pX2Y3P8JWzKnvHipT1A,7661988038513198864,1734810555690551128
jsY1xAAAAACOV4AEeERJl-yievH_HBssRVLcy5iYOkxnoIORw6wUkA,7661988038513198864,1734810555690551128
Dx8rpwAAAACOV4AEeERJl-yievH_HBss0DUS3bI40WURC3EAZkWh5g,7661988038513198864,1734810555690551128
g3NaMAAAAACOV4AEeERJl-yievH_HBssl14RI103eZ16MjDPYCv8OQ,7661988038513198864,1734810555690551128
Lb2U8wAAAACOV4AEeERJl-yievH_HBsss7DwNHoYsZW_z3CbedVd0Q,7661988038513198864,1734810555690551128
XxyKIgAAAACOV4AEeERJl-yievH_HBss394Pr90e6OBFWgolT50OmQ,7661988038513198864,1734810555690551128
fOFs2QAAAACOV4AEeERJl-yievH_HBss_lz2oS_EYCQWu87jchzlcA,7661988038513198864,1734810555690551128
aXnVmwAAAACOV4AEeERJl-yievH_HBssenNNa-6xGlZyhCVQRZT51g,7661988038513198864,1734810555690551128
KM3ZswAAAACOV4AEeERJl-yievH_HBss4QmLRBvF704FrStRTYHLtQ,7661988038513198864,1734810555690551128
USDNDAAAAACOV4AEeERJl-yievH_HBssz0_X8gAyGTQ1qomda8DXQg,7661988038513198864,1734810555690551128
iI1SGwAAAACOV4AEeERJl-yievH_HBssWaK_D8vowTCXm0P5CyveWQ,7661988038513198864,1734810555690551128
FsAvtAAAAACOV4AEeERJl-yievH_HBssolPMpyTXyX1cGcOZ5JMC2w,7661988038513198864,1734810555690551128
wUnwOwAAAACOV4AEeERJl-yievH_HBssFlrbOzANgOkGTa90hA-SMQ,7661988038513198864,1734810555690551128
XF3s5wAAAACOV4AEeERJl-yievH_HBssVntFER7loKmc-DnN4Yu68w,7661988038513198864,1734810555690551128
KQhlOQAAAACOV4AEeERJl-yievH_HBssOZg1s7Q6-XI4TzQ8DPRRyg,7661988038513198864,1734810555690551128
hnyHlAAAAACOV4AEeERJl-yievH_HBssLWWz8DFDT9wgNZpAA591Ag,7661988038513198864,1734810555690551128
iDizwAAAAACOV4AEeERJl-yievH_HBssLX-kRSiQb3a5fmqv5AFU9A,7657956260486792967,1734810555690551128
m4t8-AAAAACOV4AEeERJl-yievH_HBssEaFVY78vwHNntk5EwCSPqQ,7657956260486792967,1734810555690551128
DGEWfQAAAACOV4AEeERJl-yievH_HBss22iYzVwFacMe2wvT7eFW2g,7658270288522561287,1734810555690551128
n-HpUwAAAACOV4AEeERJl-yievH_HBssm5zGh7IpwdslEUqrdI6ZlQ,7658270288522561287,1734810555690551128
ElL7AQAAAACOV4AEeERJl-yievH_HBssKFVfZGxWe7HqLaKHY2Eu-g,7658273774026311432,1734810555690551128
okaVfgAAAACOV4AEeERJl-yievH_HBssNLKht4JMWM4vm-e1V4GgFQ,7660461201453172498,1734810555690551128
KS0QrgAAAACOV4AEeERJl-yievH_HBssOi8nVIlmeyLvSDd0_vNoAQ,7661988029667919636,1734810555690551128
OovSLAAAAACOV4AEeERJl-yievH_HBssMSDey0RNzVGIaTYcxkzi9g,7661988038513198864,1734810555690551128
QkT2agAAAACOV4AEeERJl-yievH_HBssoyZUuXwYRzUfnPM2jWPPIg,7661988038513198864,1734810555690551128
d1KX4QAAAACOV4AEeERJl-yievH_HBssCBFo6nb_RCRd7JkyS3zxnA,7661988038513198864,1734810555690551128
nsRoCAAAAACOV4AEeERJl-yievH_HBss-ckyZ0yE5JxdHyBAcKRG8A,7661988038513198864,1734810555690551128
ibPHGAAAAACOV4AEeERJl-yievH_HBsseCbpse-rQMfJYYFKtsy_lA,7661988038513198864,1734810555690551128
jzu9bgAAAACOV4AEeERJl-yievH_HBssNs7_6sJ-sHd3we3UwUhX2Q,7661988038513198864,1734810555690551128
uMR2dAAAAACOV4AEeERJl-yievH_HBssd-B8q3jUv65Xn6BDIxVNEw,7661988038513198864,1734810555690551128
Ych_swAAAACOV4AEeERJl-yievH_HBsszuRe0p76ugeLeP6pnA8YIA,7661988038513198864,1734810555690551128
UnIIaAAAAACOV4AEeERJl-yievH_HBssem-153NXNpe7tGF675DwYw,7661988038513198864,1734810555690551128
uMFIaAAAAACOV4AEeERJl-yievH_HBssMjH41LOlRMgiQI_354a2vg,7661988038513198864,1734810555690551128
MwxuzwAAAACOV4AEeERJl-yievH_HBssgXhqnJTCV8CIcJxmNRNTeg,7661988038513198864,1734810555690551128
sXEA7AAAAACOV4AEeERJl-yievH_HBssGr9QPuJtFWlCTrHhKZeChw,7661988038513198864,1734810555690551128
lk3TWAAAAACOV4AEeERJl-yievH_HBsstLFNwrkO1d0_fwFiVs8Zzg,7661988038513198864,1734810555690551128
1_56DwAAAACOV4AEeERJl-yievH_HBssKv7waJpWkm2LvlyFW20DxA,7661988038513198864,1734810555690551128
wxBu3AAAAACOV4AEeERJl-yievH_HBssdqt6pM-2e1fAscNHzPUcxA,7661988038513198864,1734810555690551128
nGBVbQAAAACOV4AEeERJl-yievH_HBssfOjfAsYczZ3chMe04xoyoQ,7661988038513198864,1734810555690551128
_vHcMgAAAACOV4AEeERJl-yievH_HBssn_x83_66VijtM7PKvWfXFw,7661988038513198864,1734810555690551128
z2LcTwAAAACOV4AEeERJl-yievH_HBssedu6LrcUaw1c3Kzj8fPuuA,7661988038513198864,1734810555690551128
HjW1VQAAAACOV4AEeERJl-yievH_HBssdETRRVcLQurIPqAEF3ZxPg,7660461201453172498,1734810555690551128
