name,batch_name,chunk_count,num_creators,target_collaboration_id,code,message,created_at,end_time
All_202606_02k-04k_01,All_202606_02k-04k,1,21,7661970332203550472,0,Success,,2101132799
All_202606_04k-06k_01,All_202606_04k-06k,1,10,7661970508745393940,0,Success,,2101132799
All_202606_06k-08k_01,All_202606_06k-08k,1,12,7661970369088603924,0,Success,,2101132799
All_202606_08k-10k_01,All_202606_08k-10k,1,7,7661970518602401552,0,Success,,2101132799
All_202606_10k-12k_01,All_202606_10k-12k,1,2,7661970495009081108,0,Success,,2101132799
Health_202606_02k-04k_01,Health_202606_02k-04k,1,12,7661970334190913301,0,Success,,2101132799
Health_202606_04k-06k_01,Health_202606_04k-06k,1,10,7661970532174645000,0,Success,,2101132799
Health_202606_06k-08k_01,Health_202606_06k-08k,1,11,7661970561066288913,0,Success,,2101132799
Health_202606_08k-10k_01,Health_202606_08k-10k,1,9,7661970554702726929,0,Success,,2101132799
Health_202606_10k-12k_01,Health_202606_10k-12k,1,6,7661970538965059346,0,Success,,2101132799
Health_202606_00k-02k_01,Health_202606_00k-02k,1,50,7661985753756845845,0,Success,,2101132799
Health_202606_00k-02k_02,Health_202606_00k-02k,2,50,7661985586839930632,0,Success,,2101132799
All_202606_00k-02k_01,All_202606_00k-02k,1,50,7661987718047549205,0,Success,,2101132799
All_202606_00k-02k_02,All_202606_00k-02k,2,50,7661987853107169045,0,Success,,2101132799
Health_202606_00k-02k_03,Health_202606_00k-02k,3,50,7661988029667919636,0,Success,,2101132799
Health_202606_00k-02k_04,Health_202606_00k-02k,4,50,7661987948536481543,0,Success,,2101132799
Health_202606_00k-02k_05,Health_202606_00k-02k,5,50,7661988068908009233,0,Success,,2101132799
Health_202606_00k-02k_06,Health_202606_00k-02k,6,50,7661987768017159953,0,Success,,2101132799
Health_202606_00k-02k_07,Health_202606_00k-02k,7,50,7661988038513198864,0,Success,,2101132799
Health_202606_00k-02k_08,Health_202606_00k-02k,8,50,7662035345951655698,0,Success,,2101132799
Health_202606_00k-02k_09,Health_202606_00k-02k,9,50,7662035225824642836,0,Success,,2101132799
Health_202606_00k-02k_10,Health_202606_00k-02k,10,50,7662035347614254856,0,Success,,2101132799
Health_202606_00k-02k_11,Health_202606_00k-02k,11,50,7662035293642376980,0,Success,,2101132799
Health_202606_00k-02k_12,Health_202606_00k-02k,12,50,7662035129384797973,0,Success,,2101132799
Health_202606_00k-02k_13,Health_202606_00k-02k,13,50,7662035495493699335,0,Success,,2101132799
Health_202606_00k-02k_14,Health_202606_00k-02k,14,50,7662035008370984705,0,Success,,2101132799
All_202606_00k-02k_03,All_202606_00k-02k,3,50,7662188965802493714,0,Success,,2101132799
All_202606_00k-02k_04,All_202606_00k-02k,4,50,7662188460109235989,0,Success,,2101132799
All_202606_00k-02k_05,All_202606_00k-02k,5,50,7662189036941084434,0,Success,,2101132799
All_202606_00k-02k_06,All_202606_00k-02k,6,50,7662189045204043540,0,Success,,2101132799
All_202606_00k-02k_07,All_202606_00k-02k,7,50,7662188748448794376,0,Success,,2101132799
All_202606_00k-02k_08,All_202606_00k-02k,8,50,7662188884105742100,0,Success,,2101132799
All_202606_00k-02k_09,All_202606_00k-02k,9,50,7662189037621479188,0,Success,,2101132799
All_202606_00k-02k_10,All_202606_00k-02k,10,50,7662189084036138773,0,Success,,2101132799
All_202606_00k-02k_11,All_202606_00k-02k,11,50,7662189076695107345,0,Success,,2101132799
All_202606_00k-02k_12,All_202606_00k-02k,12,50,7662188932172908306,0,Success,,2101132799
All_202606_00k-02k_13,All_202606_00k-02k,13,50,7662188956288911124,0,Success,,2101132799
All_202606_00k-02k_14,All_202606_00k-02k,14,50,7662189044982204180,0,Success,,2101132799
Health_202606_00k-02k_15,Health_202606_00k-02k,15,50,7662188654295287573,0,Success,,2101132799
Health_202606_00k-02k_16,Health_202606_00k-02k,16,50,7662189106638292754,0,Success,,2101132799
Health_202606_00k-02k_17,Health_202606_00k-02k,17,50,7662189166754875143,0,Success,,2101132799
Health_202606_00k-02k_18,Health_202606_00k-02k,18,50,7662189191601768210,0,Success,,2101132799
Health_202606_00k-02k_19,Health_202606_00k-02k,19,50,7662188952645895954,0,Success,,2101132799
Health_202606_00k-02k_20,Health_202606_00k-02k,20,50,7662189156525295367,0,Success,,2101132799
Health_202606_00k-02k_21,Health_202606_00k-02k,21,50,7662189016707974933,0,Success,,2101132799
Health_202606_00k-02k_22,Health_202606_00k-02k,22,50,7662188883593922322,0,Success,,2101132799
Health_202606_00k-02k_23,Health_202606_00k-02k,23,50,7662189146215843591,0,Success,,2101132799
All_202606_00k-02k_15,All_202606_00k-02k,15,50,7662303265360119560,0,Success,,2101132799
All_202606_00k-02k_16,All_202606_00k-02k,16,50,7662303228806104853,0,Success,,2101132799
All_202606_00k-02k_17,All_202606_00k-02k,17,50,7662303168806061845,0,Success,,2101132799
All_202606_00k-02k_18,All_202606_00k-02k,18,50,7662303223584655112,0,Success,,2101132799
All_202606_00k-02k_19,All_202606_00k-02k,19,50,7662303301353998100,0,Success,,2101132799
Health_202606_00k-02k_24,Health_202606_00k-02k,24,50,7662303222829532948,0,Success,,2101132799
Health_202606_00k-02k_25,Health_202606_00k-02k,25,50,7662303147393074964,0,Success,,2101132799
Health_202606_02k-04k_02,Health_202606_02k-04k,2,50,7662303278840547093,0,Success,,2101132799
Health_202606_02k-04k_03,Health_202606_02k-04k,3,50,7662303311466661650,0,Success,,2101132799
Health_202606_02k-04k_04,Health_202606_02k-04k,4,50,7662303241003337490,0,Success,,2101132799
Health_202606_02k-04k_05,Health_202606_02k-04k,5,50,7662303280861824784,0,Success,,2101132799
All_202606_00k-02k_20,All_202606_00k-02k,20,50,7662397037648168724,0,Success,,2101132799
Health_202606_00k-02k_26,Health_202606_00k-02k,26,50,7662397263399601941,0,Success,,2101132799
Health_202606_00k-02k_27,Health_202606_00k-02k,27,50,7662397032824899348,0,Success,,2101132799
All_202606_00k-02k_21,All_202606_00k-02k,21,50,7662537008917415698,0,Success,,2101132799
All_202606_00k-02k_22,All_202606_00k-02k,22,50,7662531586030749458,0,Success,,2101132799
All_202606_00k-02k_23,All_202606_00k-02k,23,50,7662536764264187664,0,Success,,2101132799
All_202606_00k-02k_24,All_202606_00k-02k,24,50,7662535249045620487,0,Success,,2101132799
All_202606_00k-02k_25,All_202606_00k-02k,25,50,7662535654611240724,0,Success,,2101132799
All_202606_02k-04k_02,All_202606_02k-04k,2,50,7662537493480670983,0,Success,,2101132799
All_202606_04k-06k_02,All_202606_04k-06k,2,50,7662534746106971912,0,Success,,2101132799
All_202606_06k-08k_02,All_202606_06k-08k,2,50,7662538725897668360,0,Success,,2101132799
Health_202606_00k-02k_28,Health_202606_00k-02k,28,50,7662530987810490132,0,Success,,2101132799
Health_202606_00k-02k_29,Health_202606_00k-02k,29,50,7662536062698817287,0,Success,,2101132799
Health_202606_00k-02k_30,Health_202606_00k-02k,30,50,7662534270515513108,0,Success,,2101132799
Health_202606_00k-02k_31,Health_202606_00k-02k,31,50,7662531635871958804,0,Success,,2101132799
Health_202606_00k-02k_32,Health_202606_00k-02k,32,50,7662538568355301138,0,Success,,2101132799
All_202606_00k-02k_26,All_202606_00k-02k,26,50,7662692181483783957,0,Success,2026-07-15T09:59:43.214047+00:00,2101132799
Health_202606_02k-04k_06,Health_202606_02k-04k,6,50,7662692164870555413,0,Success,2026-07-15T09:59:44.245036+00:00,2101132799
Health_202606_02k-04k_07,Health_202606_02k-04k,7,50,7662692057890522887,0,Success,2026-07-15T09:59:46.200309+00:00,2101132799
Health_202606_02k-04k_08,Health_202606_02k-04k,8,50,7662692188356232980,0,Success,2026-07-15T09:59:47.303615+00:00,2101132799
Health_202606_02k-04k_09,Health_202606_02k-04k,9,50,7662692179259180821,0,Success,2026-07-15T09:59:49.045433+00:00,2101132799
Health_202606_02k-04k_10,Health_202606_02k-04k,10,50,7662692149607728916,0,Success,2026-07-15T09:59:50.157734+00:00,2101132799
All_202606_02k-04k_03,All_202606_02k-04k,3,50,7662936172335138580,0,Success,2026-07-16T01:46:35.988802+00:00,2101132799
All_202606_02k-04k_04,All_202606_02k-04k,4,50,7662936290603878164,0,Success,2026-07-16T01:46:37.038778+00:00,2101132799
All_202606_02k-04k_05,All_202606_02k-04k,5,50,7662936307242649365,0,Success,2026-07-16T01:46:38.800225+00:00,2101132799
All_202606_02k-04k_06,All_202606_02k-04k,6,50,7662936033822934804,0,Success,2026-07-16T01:46:39.908563+00:00,2101132799
All_202606_02k-04k_07,All_202606_02k-04k,7,50,7662936069485233940,0,Success,2026-07-16T01:46:40.794973+00:00,2101132799
All_202606_02k-04k_08,All_202606_02k-04k,8,50,7662936290858256149,0,Success,2026-07-16T01:46:41.866742+00:00,2101132799
All_202606_02k-04k_09,All_202606_02k-04k,9,50,7662936155536918290,0,Success,2026-07-16T01:46:42.934445+00:00,2101132799
All_202606_02k-04k_10,All_202606_02k-04k,10,50,7662935734937405191,0,Success,2026-07-16T01:46:44.164170+00:00,2101132799
All_202606_02k-04k_11,All_202606_02k-04k,11,50,7662936042992748295,0,Success,2026-07-16T01:46:45.121650+00:00,2101132799
All_202606_02k-04k_12,All_202606_02k-04k,12,50,7662936235115955988,0,Success,2026-07-16T01:46:46.159565+00:00,2101132799
Health_202606_02k-04k_11,Health_202606_02k-04k,11,50,7662936248592844564,0,Success,2026-07-16T01:46:47.288643+00:00,2101132799
Health_202606_02k-04k_12,Health_202606_02k-04k,12,50,7662936254091200276,0,Success,2026-07-16T01:46:48.322909+00:00,2101132799
Health_202606_02k-04k_13,Health_202606_02k-04k,13,50,7662936237113050901,0,Success,2026-07-16T01:46:49.318903+00:00,2101132799
Health_202606_02k-04k_14,Health_202606_02k-04k,14,50,7662936218541213460,0,Success,2026-07-16T01:46:50.471957+00:00,2101132799
Health_202606_02k-04k_15,Health_202606_02k-04k,15,50,7662936208448915217,0,Success,2026-07-16T01:46:51.432028+00:00,2101132799
Health_202606_02k-04k_16,Health_202606_02k-04k,16,50,7662936263255803655,0,Success,2026-07-16T01:46:52.533143+00:00,2101132799
All_202606_02k-04k_13,All_202606_02k-04k,13,50,7663030066964662017,0,Success,2026-07-16T07:50:43.655626+00:00,2101132799
Health_202606_02k-04k_17,Health_202606_02k-04k,17,50,7663029985721337621,0,Success,2026-07-16T07:50:44.787553+00:00,2101132799
Health_202606_02k-04k_18,Health_202606_02k-04k,18,50,7663030046304012040,0,Success,2026-07-16T07:50:46.115471+00:00,2101132799
Health_202606_02k-04k_19,Health_202606_02k-04k,19,50,7663030044470347541,0,Success,2026-07-16T07:50:47.402934+00:00,2101132799
All_202606_02k-04k_14,All_202606_02k-04k,14,50,7663309525423802133,0,Success,2026-07-17T01:55:29.437690+00:00,2101132799
All_202606_02k-04k_15,All_202606_02k-04k,15,50,7663309636028679957,0,Success,2026-07-17T01:55:30.498557+00:00,2101132799
All_202606_02k-04k_16,All_202606_02k-04k,16,50,7663309545280669458,0,Success,2026-07-17T01:55:31.692984+00:00,2101132799
All_202606_08k-10k_02,All_202606_08k-10k,2,50,7663309531962967828,0,Success,2026-07-17T01:55:33.635061+00:00,2101132799
All_202606_10k-12k_02,All_202606_10k-12k,2,50,7663309614842775303,0,Success,2026-07-17T01:55:34.671412+00:00,2101132799
Health_202606_02k-04k_20,Health_202606_02k-04k,20,50,7663309521592551189,0,Success,2026-07-17T01:55:35.795748+00:00,2101132799
Health_202606_02k-04k_21,Health_202606_02k-04k,21,50,7663309568239388436,0,Success,2026-07-17T01:55:36.800458+00:00,2101132799
Health_202606_02k-04k_22,Health_202606_02k-04k,22,50,7663309547508057864,0,Success,2026-07-17T01:55:38.028161+00:00,2101132799
Health_202606_02k-04k_23,Health_202606_02k-04k,23,50,7663309552305800980,0,Success,2026-07-17T01:55:39.291993+00:00,2101132799
Health_202606_02k-04k_24,Health_202606_02k-04k,24,50,7663309646766229255,0,Success,2026-07-17T01:55:40.326131+00:00,2101132799
All_202606_00k-02k_27,All_202606_00k-02k,27,40,7663424983380789000,0,Success,2026-07-17T09:23:15.128205+00:00,2101132799
All_202606_02k-04k_17,All_202606_02k-04k,17,50,7663425012875511573,0,Success,2026-07-17T09:23:16.447194+00:00,2101132799
All_202606_02k-04k_18,All_202606_02k-04k,18,50,7663425013362083605,0,Success,2026-07-17T09:23:17.855098+00:00,2101132799
All_202606_04k-06k_03,All_202606_04k-06k,3,47,7663425030902138632,0,Success,2026-07-17T09:23:18.906750+00:00,2101132799
Health_202606_00k-02k_33,Health_202606_00k-02k,33,44,7663424931399010069,0,Success,2026-07-17T09:23:20.382181+00:00,2101132799
All_202606_04k-06k_04,All_202606_04k-06k,4,50,7663806182126126868,0,Success,2026-07-18T10:02:55.665528+00:00,2101132799
All_202606_04k-06k_05,All_202606_04k-06k,5,50,7663806248080967445,0,Success,2026-07-18T10:02:56.858726+00:00,2101132799
All_202606_04k-06k_06,All_202606_04k-06k,6,50,7663806318654375701,0,Success,2026-07-18T10:02:57.865008+00:00,2101132799
All_202606_04k-06k_07,All_202606_04k-06k,7,50,7663806155214833428,0,Success,2026-07-18T10:03:01.156626+00:00,2101132799
All_202606_04k-06k_08,All_202606_04k-06k,8,50,7663806318655276821,0,Success,2026-07-18T10:03:02.174573+00:00,2101132799
All_202606_04k-06k_09,All_202606_04k-06k,9,50,7663806215135610631,0,Success,2026-07-18T10:03:03.253739+00:00,2101132799
All_202606_04k-06k_10,All_202606_04k-06k,10,50,7663806355148867335,0,Success,2026-07-18T10:03:04.571711+00:00,2101132799
All_202606_04k-06k_11,All_202606_04k-06k,11,50,7663806307455698709,0,Success,2026-07-18T10:03:05.696285+00:00,2101132799
All_202606_04k-06k_12,All_202606_04k-06k,12,50,7663806354172020501,0,Success,2026-07-18T10:03:08.057953+00:00,2101132799
Health_202606_04k-06k_02,Health_202606_04k-06k,2,50,7663806287535064853,0,Success,2026-07-18T10:03:09.177352+00:00,2101132799
Health_202606_04k-06k_03,Health_202606_04k-06k,3,50,7663806345862579988,0,Success,2026-07-18T10:03:10.830644+00:00,2101132799
Health_202606_04k-06k_04,Health_202606_04k-06k,4,50,7663806332362426120,0,Success,2026-07-18T10:03:11.946321+00:00,2101132799
Health_202606_04k-06k_05,Health_202606_04k-06k,5,50,7663806303751931656,0,Success,2026-07-18T10:03:13.010224+00:00,2101132799
Health_202606_04k-06k_06,Health_202606_04k-06k,6,50,7663806252722145042,0,Success,2026-07-18T10:03:13.916845+00:00,2101132799
Health_202606_04k-06k_07,Health_202606_04k-06k,7,50,7663806345008924424,0,Success,2026-07-18T10:03:14.958413+00:00,2101132799
Health_202606_04k-06k_08,Health_202606_04k-06k,8,50,7663806252118640405,0,Success,2026-07-18T10:03:15.974874+00:00,2101132799
Health_202606_04k-06k_09,Health_202606_04k-06k,9,50,7663806424023205650,0,Success,2026-07-18T10:03:17.458455+00:00,2101132799
Health_202606_04k-06k_10,Health_202606_04k-06k,10,50,7663806359256090376,0,Success,2026-07-18T10:03:18.594112+00:00,2101132799
Health_202606_04k-06k_11,Health_202606_04k-06k,11,50,7663806314415638293,0,Success,2026-07-18T10:03:19.722126+00:00,2101132799
Health_202606_04k-06k_12,Health_202606_04k-06k,12,50,7663806092792088340,0,Success,2026-07-18T10:03:20.896984+00:00,2101132799
Health_202606_04k-06k_13,Health_202606_04k-06k,13,50,7663806219127572242,0,Success,2026-07-18T10:03:22.743372+00:00,2101132799
All_202606_00k-02k_28,All_202606_00k-02k,28,50,None,98001004,Repeated creator ID.,2026-07-18T14:43:22.237003+00:00,2101132799
All_202606_02k-04k_19,All_202606_02k-04k,19,50,7663878066780260117,0,Success,2026-07-18T14:43:24.227439+00:00,2101132799
All_202606_02k-04k_20,All_202606_02k-04k,20,50,None,98001004,Repeated creator ID.,2026-07-18T14:43:24.322801+00:00,2101132799
All_202606_02k-04k_21,All_202606_02k-04k,21,50,7663877533641131794,0,Success,2026-07-18T14:43:25.488108+00:00,2101132799
All_202606_02k-04k_22,All_202606_02k-04k,22,50,7663877477232527120,0,Success,2026-07-18T14:43:26.635942+00:00,2101132799
All_202606_02k-04k_23,All_202606_02k-04k,23,50,7663877987188213521,0,Success,2026-07-18T14:43:27.776369+00:00,2101132799
All_202606_02k-04k_24,All_202606_02k-04k,24,50,7663877889004111637,0,Success,2026-07-18T14:43:29.037428+00:00,2101132799
All_202606_02k-04k_25,All_202606_02k-04k,25,50,7663877309859399442,0,Success,2026-07-18T14:43:30.226658+00:00,2101132799
All_202606_02k-04k_26,All_202606_02k-04k,26,50,7663878509030655760,0,Success,2026-07-18T14:43:31.161526+00:00,2101132799
All_202606_02k-04k_27,All_202606_02k-04k,27,50,7663877678659077909,0,Success,2026-07-18T14:43:32.209069+00:00,2101132799
All_202606_02k-04k_28,All_202606_02k-04k,28,50,7663878049024919314,0,Success,2026-07-18T14:43:33.323656+00:00,2101132799
All_202606_02k-04k_29,All_202606_02k-04k,29,50,7663878087549290260,0,Success,2026-07-18T14:43:35.433260+00:00,2101132799
All_202606_04k-06k_13,All_202606_04k-06k,13,50,7663878206529357576,0,Success,2026-07-18T14:43:36.495838+00:00,2101132799
All_202606_04k-06k_14,All_202606_04k-06k,14,50,7663878212968941319,0,Success,2026-07-18T14:43:38.577895+00:00,2101132799
All_202606_04k-06k_15,All_202606_04k-06k,15,50,7663877457066428180,0,Success,2026-07-18T14:43:39.799899+00:00,2101132799
All_202606_04k-06k_16,All_202606_04k-06k,16,50,7663878347404789511,0,Success,2026-07-18T14:43:41.236532+00:00,2101132799
All_202606_04k-06k_17,All_202606_04k-06k,17,50,7663877837044827922,0,Success,2026-07-18T14:43:42.427341+00:00,2101132799
All_202606_04k-06k_18,All_202606_04k-06k,18,50,7663878047082989320,0,Success,2026-07-18T14:43:44.044110+00:00,2101132799
All_202606_04k-06k_19,All_202606_04k-06k,19,50,7663878195896551189,0,Success,2026-07-18T14:43:45.257254+00:00,2101132799
All_202606_06k-08k_03,All_202606_06k-08k,3,50,7663878150506235664,0,Success,2026-07-18T14:43:46.272401+00:00,2101132799
Health_202606_02k-04k_25,Health_202606_02k-04k,25,50,7663877649028007701,0,Success,2026-07-18T14:43:48.260322+00:00,2101132799
Health_202606_02k-04k_26,Health_202606_02k-04k,26,50,7663878168416552721,0,Success,2026-07-18T14:43:50.103290+00:00,2101132799
Health_202606_02k-04k_27,Health_202606_02k-04k,27,50,7663877447990429461,0,Success,2026-07-18T14:43:51.202614+00:00,2101132799
Health_202606_02k-04k_28,Health_202606_02k-04k,28,50,7663878205989242631,0,Success,2026-07-18T14:43:52.291852+00:00,2101132799
Health_202606_02k-04k_29,Health_202606_02k-04k,29,50,7663877518752139015,0,Success,2026-07-18T14:43:53.374527+00:00,2101132799
Health_202606_02k-04k_30,Health_202606_02k-04k,30,50,7663878157476579080,0,Success,2026-07-18T14:43:54.440491+00:00,2101132799
Health_202606_02k-04k_31,Health_202606_02k-04k,31,50,7663877927608485652,0,Success,2026-07-18T14:43:55.537730+00:00,2101132799
Health_202606_02k-04k_32,Health_202606_02k-04k,32,50,7663877570898462484,0,Success,2026-07-18T14:43:56.677190+00:00,2101132799
Health_202606_02k-04k_33,Health_202606_02k-04k,33,50,7663877678341179156,0,Success,2026-07-18T14:43:58.580721+00:00,2101132799
Health_202606_02k-04k_34,Health_202606_02k-04k,34,50,7663878336358237970,0,Success,2026-07-18T14:44:00.738396+00:00,2101132799
Health_202606_02k-04k_35,Health_202606_02k-04k,35,50,7663878715809974034,0,Success,2026-07-18T14:44:02.780181+00:00,2101132799
Health_202606_02k-04k_36,Health_202606_02k-04k,36,50,None,98001004,Repeated creator ID.,2026-07-18T14:44:02.891792+00:00,2101132799
Health_202606_02k-04k_37,Health_202606_02k-04k,37,50,7663877321082062613,0,Success,2026-07-18T14:44:04.143997+00:00,2101132799
Health_202606_02k-04k_38,Health_202606_02k-04k,38,50,7663877631656167188,0,Success,2026-07-18T14:44:05.240761+00:00,2101132799
Health_202606_02k-04k_39,Health_202606_02k-04k,39,50,7663877183606982421,0,Success,2026-07-18T14:44:06.420939+00:00,2101132799
Health_202606_02k-04k_40,Health_202606_02k-04k,40,50,7663878222375520020,0,Success,2026-07-18T14:44:07.416254+00:00,2101132799
Health_202606_04k-06k_14,Health_202606_04k-06k,14,50,7663878361689212690,0,Success,2026-07-18T14:44:09.429645+00:00,2101132799
Health_202606_04k-06k_15,Health_202606_04k-06k,15,50,7663878565897914120,0,Success,2026-07-18T14:44:11.475323+00:00,2101132799
Health_202606_04k-06k_16,Health_202606_04k-06k,16,50,7663878441863268104,0,Success,2026-07-18T14:44:12.651916+00:00,2101132799
Health_202606_04k-06k_17,Health_202606_04k-06k,17,50,7663878512940156679,0,Success,2026-07-18T14:44:14.511129+00:00,2101132799
Health_202606_04k-06k_18,Health_202606_04k-06k,18,50,7663878009552766741,0,Success,2026-07-18T14:44:15.761633+00:00,2101132799
Health_202606_04k-06k_19,Health_202606_04k-06k,19,50,7663878073456215828,0,Success,2026-07-18T14:44:16.961327+00:00,2101132799
Health_202606_04k-06k_20,Health_202606_04k-06k,20,50,7663877572593829653,0,Success,2026-07-18T14:44:18.116541+00:00,2101132799
Health_202606_04k-06k_21,Health_202606_04k-06k,21,50,7663878370778597140,0,Success,2026-07-18T14:44:20.235917+00:00,2101132799
Health_202606_04k-06k_22,Health_202606_04k-06k,22,50,7663878309129766673,0,Success,2026-07-18T14:44:21.388942+00:00,2101132799
Health_202606_04k-06k_23,Health_202606_04k-06k,23,50,7663878160256304916,0,Success,2026-07-18T14:44:22.354015+00:00,2101132799
Health_202606_06k-08k_02,Health_202606_06k-08k,2,50,7663878370770044693,0,Success,2026-07-18T14:44:23.461159+00:00,2101132799
Health_202606_08k-10k_02,Health_202606_08k-10k,2,50,7663877900027004692,0,Success,2026-07-18T14:44:25.407695+00:00,2101132799
Health_202606_04k-06k_24,Health_202606_04k-06k,24,50,None,0,Success,2026-07-19T01:47:33.434351+00:00,2101132799
Health_202606_04k-06k_25,Health_202606_04k-06k,25,50,7664049113142724372,0,Success,2026-07-19T01:47:34.471967+00:00,2101132799
Health_202606_04k-06k_26,Health_202606_04k-06k,26,50,7664049032302855956,0,Success,2026-07-19T01:47:36.282772+00:00,2101132799
Health_202606_06k-08k_03,Health_202606_06k-08k,3,50,7664049561040832264,0,Success,2026-07-19T01:47:37.311493+00:00,2101132799
Health_202606_06k-08k_04,Health_202606_06k-08k,4,50,7664049205059340050,0,Success,2026-07-19T01:47:38.544412+00:00,2101132799
Health_202606_06k-08k_05,Health_202606_06k-08k,5,50,7664049241271961362,0,Success,2026-07-19T01:47:39.548297+00:00,2101132799
Health_202606_06k-08k_06,Health_202606_06k-08k,6,50,7664049144261478151,0,Success,2026-07-19T01:47:40.575347+00:00,2101132799
Health_202606_06k-08k_07,Health_202606_06k-08k,7,50,7664049481336637204,0,Success,2026-07-19T01:47:41.534423+00:00,2101132799
Health_202606_06k-08k_08,Health_202606_06k-08k,8,50,7664049023728846613,0,Success,2026-07-19T01:47:42.491711+00:00,2101132799
Health_202606_06k-08k_09,Health_202606_06k-08k,9,50,7664049570945992466,0,Success,2026-07-19T01:47:44.388395+00:00,2101132799
Health_202606_06k-08k_10,Health_202606_06k-08k,10,50,7664049292214699797,0,Success,2026-07-19T01:47:45.427666+00:00,2101132799
Health_202606_06k-08k_11,Health_202606_06k-08k,11,50,7664049338515703559,0,Success,2026-07-19T01:47:46.408921+00:00,2101132799
Health_202606_06k-08k_12,Health_202606_06k-08k,12,50,7664048888332666645,0,Success,2026-07-19T01:47:47.492230+00:00,2101132799
Health_202606_06k-08k_13,Health_202606_06k-08k,13,50,7664049442446575367,0,Success,2026-07-19T01:47:48.452594+00:00,2101132799
Health_202606_06k-08k_14,Health_202606_06k-08k,14,50,7664049605260658450,0,Success,2026-07-19T01:47:49.317873+00:00,2101132799
Health_202606_06k-08k_15,Health_202606_06k-08k,15,50,7664049313232176903,0,Success,2026-07-19T01:47:51.078109+00:00,2101132799
Health_202606_06k-08k_16,Health_202606_06k-08k,16,50,7664048752936486677,0,Success,2026-07-19T01:47:52.024136+00:00,2101132799
All_202606_00k-02k_29,All_202606_00k-02k,29,49,7664049777835362066,0,Success,2026-07-19T01:51:09.437924+00:00,2101132799
All_202606_10k-12k_03,All_202606_10k-12k,3,49,7664049924938712839,0,Success,2026-07-19T01:51:10.488506+00:00,2101132799
Health_202606_02k-04k_41,Health_202606_02k-04k,41,49,7664050516519896840,0,Success,2026-07-19T01:51:11.579048+00:00,2101132799
Health_202606_04k-06k_27,Health_202606_04k-06k,27,50,7664050157907330836,0,Success,2026-07-19T01:51:14.452339+00:00,2101132799
All_202606_04k-06k_20,All_202606_04k-06k,20,50,7664219145420080904,0,Success,2026-07-19T12:47:01.070222+00:00,2101132799
All_202606_06k-08k_04,All_202606_06k-08k,4,50,7664219422797711122,0,Success,2026-07-19T12:47:02.264619+00:00,2101132799
All_202606_06k-08k_05,All_202606_06k-08k,5,50,7664219222910830354,0,Success,2026-07-19T12:47:03.311054+00:00,2101132799
All_202606_06k-08k_06,All_202606_06k-08k,6,50,7664219718395676423,0,Success,2026-07-19T12:47:05.268850+00:00,2101132799
All_202606_06k-08k_07,All_202606_06k-08k,7,50,7664219682853848853,0,Success,2026-07-19T12:47:06.347905+00:00,2101132799
Health_202606_04k-06k_28,Health_202606_04k-06k,28,50,7664219134173267733,0,Success,2026-07-19T12:47:07.390324+00:00,2101132799
Health_202606_06k-08k_17,Health_202606_06k-08k,17,50,7664219409209329429,0,Success,2026-07-19T12:47:08.472316+00:00,2101132799
Health_202606_06k-08k_18,Health_202606_06k-08k,18,50,7664219422542268161,0,Success,2026-07-19T12:47:09.978207+00:00,2101132799
Health_202606_06k-08k_19,Health_202606_06k-08k,19,50,7664219359520343816,0,Success,2026-07-19T12:47:11.074071+00:00,2101132799
Health_202606_06k-08k_20,Health_202606_06k-08k,20,50,7664219005352331029,0,Success,2026-07-19T12:47:12.085097+00:00,2101132799
Health_202606_06k-08k_21,Health_202606_06k-08k,21,50,7664219310512555783,0,Success,2026-07-19T12:47:13.302305+00:00,2101132799
Health_202606_06k-08k_22,Health_202606_06k-08k,22,50,7664219210423256852,0,Success,2026-07-19T12:47:14.353143+00:00,2101132799
Health_202606_06k-08k_23,Health_202606_06k-08k,23,50,7664218672123070216,0,Success,2026-07-19T12:47:15.398613+00:00,2101132799
All_202606_04k-06k_21,All_202606_04k-06k,21,50,7664428800897287957,0,Success,2026-07-20T02:18:21.029655+00:00,2101132799
All_202606_04k-06k_22,All_202606_04k-06k,22,50,7664428634791380754,0,Success,2026-07-20T02:18:22.101320+00:00,2101132799
All_202606_06k-08k_08,All_202606_06k-08k,8,50,7664428688125036309,0,Success,2026-07-20T02:18:23.095980+00:00,2101132799
All_202606_06k-08k_09,All_202606_06k-08k,9,50,7664428755821840149,0,Success,2026-07-20T02:18:24.153716+00:00,2101132799
All_202606_06k-08k_10,All_202606_06k-08k,10,50,7664428705489487634,0,Success,2026-07-20T02:18:26.042655+00:00,2101132799
All_202606_08k-10k_03,All_202606_08k-10k,3,50,7664428772708910869,0,Success,2026-07-20T02:18:27.034859+00:00,2101132799
All_202606_08k-10k_04,All_202606_08k-10k,4,50,7664428709853628167,0,Success,2026-07-20T02:18:29.173819+00:00,2101132799
All_202606_08k-10k_05,All_202606_08k-10k,5,50,7664428784661939988,0,Success,2026-07-20T02:18:30.156575+00:00,2101132799
All_202606_08k-10k_06,All_202606_08k-10k,6,50,7664428768204506897,0,Success,2026-07-20T02:18:31.125288+00:00,2101132799
All_202606_08k-10k_07,All_202606_08k-10k,7,50,7664428847279752981,0,Success,2026-07-20T02:18:32.228628+00:00,2101132799
All_202606_08k-10k_08,All_202606_08k-10k,8,50,7664428787896223508,0,Success,2026-07-20T02:18:33.387251+00:00,2101132799
All_202606_08k-10k_09,All_202606_08k-10k,9,50,7664428800017893138,0,Success,2026-07-20T02:18:34.497313+00:00,2101132799
All_202606_08k-10k_10,All_202606_08k-10k,10,50,7664428610036565781,0,Success,2026-07-20T02:18:35.509211+00:00,2101132799
All_202606_08k-10k_11,All_202606_08k-10k,11,50,7664428820928022293,0,Success,2026-07-20T02:18:36.544493+00:00,2101132799
All_202606_08k-10k_12,All_202606_08k-10k,12,50,7664428607574738708,0,Success,2026-07-20T02:18:37.575043+00:00,2101132799
All_202606_08k-10k_13,All_202606_08k-10k,13,50,7664428822742173458,0,Success,2026-07-20T02:18:38.526064+00:00,2101132799
All_202606_08k-10k_14,All_202606_08k-10k,14,50,7664428726421047061,0,Success,2026-07-20T02:18:39.690691+00:00,2101132799
Health_202606_04k-06k_29,Health_202606_04k-06k,29,50,7664428768660702994,0,Success,2026-07-20T02:18:40.658185+00:00,2101132799
Health_202606_04k-06k_30,Health_202606_04k-06k,30,50,7664428720067479304,0,Success,2026-07-20T02:18:41.666104+00:00,2101132799
Health_202606_06k-08k_24,Health_202606_06k-08k,24,50,7664428734327998229,0,Success,2026-07-20T02:18:42.744782+00:00,2101132799
Health_202606_06k-08k_25,Health_202606_06k-08k,25,50,7664428795761444628,0,Success,2026-07-20T02:18:43.772417+00:00,2101132799
Health_202606_06k-08k_26,Health_202606_06k-08k,26,50,7664428808604321543,0,Success,2026-07-20T02:18:44.789689+00:00,2101132799
Health_202606_06k-08k_27,Health_202606_06k-08k,27,50,7664428811240867605,0,Success,2026-07-20T02:18:46.834055+00:00,2101132799
Health_202606_06k-08k_28,Health_202606_06k-08k,28,50,7664428836729767701,0,Success,2026-07-20T02:18:48.001142+00:00,2101132799
Health_202606_06k-08k_29,Health_202606_06k-08k,29,50,7664428849822697223,0,Success,2026-07-20T02:18:49.175277+00:00,2101132799
Health_202606_06k-08k_30,Health_202606_06k-08k,30,50,7664428880865953554,0,Success,2026-07-20T02:18:50.136160+00:00,2101132799
Health_202606_08k-10k_03,Health_202606_08k-10k,3,50,7664428738409924372,0,Success,2026-07-20T02:18:51.341571+00:00,2101132799
Health_202606_08k-10k_04,Health_202606_08k-10k,4,50,7664428934449497864,0,Success,2026-07-20T02:18:52.403761+00:00,2101132799
Health_202606_08k-10k_05,Health_202606_08k-10k,5,50,7664428853939734293,0,Success,2026-07-20T02:18:53.555816+00:00,2101132799
Health_202606_08k-10k_06,Health_202606_08k-10k,6,50,7664428857469077255,0,Success,2026-07-20T02:18:55.419491+00:00,2101132799
Health_202606_08k-10k_07,Health_202606_08k-10k,7,50,7664428836302931732,0,Success,2026-07-20T02:18:56.534845+00:00,2101132799
Health_202606_08k-10k_08,Health_202606_08k-10k,8,50,7664428894224041746,0,Success,2026-07-20T02:18:57.512846+00:00,2101132799
Health_202606_08k-10k_09,Health_202606_08k-10k,9,50,7664428810990634773,0,Success,2026-07-20T02:18:58.515849+00:00,2101132799
Health_202606_08k-10k_10,Health_202606_08k-10k,10,50,7664428754920130312,0,Success,2026-07-20T02:18:59.518880+00:00,2101132799
Health_202606_08k-10k_11,Health_202606_08k-10k,11,50,7664428955135805201,0,Success,2026-07-20T02:19:00.483930+00:00,2101132799
Health_202606_08k-10k_12,Health_202606_08k-10k,12,50,7664428897555531540,0,Success,2026-07-20T02:19:01.571803+00:00,2101132799
Health_202606_08k-10k_13,Health_202606_08k-10k,13,50,7664428811242276629,0,Success,2026-07-20T02:19:03.423411+00:00,2101132799
Health_202606_08k-10k_14,Health_202606_08k-10k,14,50,7664428983774250769,0,Success,2026-07-20T02:19:04.374673+00:00,2101132799
Health_202606_08k-10k_15,Health_202606_08k-10k,15,50,7664428864407176980,0,Success,2026-07-20T02:19:06.214930+00:00,2101132799
Health_202606_08k-10k_16,Health_202606_08k-10k,16,50,7664428951771088658,0,Success,2026-07-20T02:19:07.302313+00:00,2101132799
Health_202606_08k-10k_17,Health_202606_08k-10k,17,50,7664428938120955668,0,Success,2026-07-20T02:19:08.291057+00:00,2101132799
